ano,mes,dia,pre,max,min
2003,1,1,6.1,12.1,3.2
2003,1,2,4.7,14.6,1.4
2003,1,3,0,15.6,2
2003,1,4,0,16.4,-0.8
2003,1,5,0,17.3,-0.7
2003,1,6,0,16.6,-0.5
2003,1,7,2,16.8,0.1
2003,1,8,5.9,17.6,2.4
2003,1,9,14.9,13.8,4.7
2003,1,10,19.7,14.2,0.8
2003,1,11,11.8,12.4,0.3
2003,1,12,0,16.1,2.4
2003,1,13,5.2,16,4
2003,1,14,0,16.2,-0.2
2003,1,15,1.3,17.4,-1
2003,1,16,4.7,14,3.4
2003,1,17,0,15.1,2.6
2003,1,18,2.4,14.1,-99.9
2003,1,19,6.8,10.2,1.4
2003,1,20,0,14.6,0.6
2003,1,21,0,15.8,1.1
2003,1,22,0,16,-1
2003,1,23,10.7,14,0.8
2003,1,24,2.6,15,1.6
2003,1,25,14.6,13.6,3.2
2003,1,26,2.1,14.4,2.2
2003,1,27,6.7,15,3.6
2003,1,28,6,13.6,4
2003,1,29,0.8,14.2,3.3
2003,1,30,2.7,13.4,1.4
2003,1,31,2,13.6,3.2
2003,2,1,7,14.2,3.2
2003,2,2,3.4,13.4,1.1
2003,2,3,4.2,15.8,0.1
2003,2,4,1.9,13.8,3.8
2003,2,5,8.4,16.2,3.8
2003,2,6,0.3,16.9,4.2
2003,2,7,4.6,15,4.6
2003,2,8,3.1,15.3,3.7
2003,2,9,0,15.2,1.3
2003,2,10,6.7,15.4,2.9
2003,2,11,18.5,16,-0.6
2003,2,12,6,14.4,-0.4
2003,2,13,0.2,15.6,0.6
2003,2,14,0,15,1.8
2003,2,15,2.6,15.2,0.8
2003,2,16,1,15.6,1.4
2003,2,17,4.2,14,2.6
2003,2,18,27.7,11.9,2.3
2003,2,19,10.9,13.6,0.3
2003,2,20,7.5,12.2,1.9
2003,2,21,9.2,13.1,2.8
2003,2,22,9.4,13.4,3.6
2003,2,23,13.5,14.4,2.3
2003,2,24,2.2,13.6,0.6
2003,2,25,0,12.3,3.2
2003,2,26,11.9,14.6,0.7
2003,2,27,9.3,13.2,2.6
2003,2,28,0.3,13.4,2.2
2003,3,1,23.1,12,3
2003,3,2,7.3,14,2
2003,3,3,5.6,12.4,2
2003,3,4,1.8,13,3.6
2003,3,5,2.2,14.2,3.5
2003,3,6,8.9,15.2,2.2
2003,3,7,0.3,12.6,2.4
2003,3,8,12.8,15.8,0.8
2003,3,9,0,15,2.6
2003,3,10,0.7,15.6,3.3
2003,3,11,0.3,13.8,0.6
2003,3,12,0.8,15,-0.8
2003,3,13,16.4,14,1.8
2003,3,14,1,12.8,0.3
2003,3,15,0,15.2,-0.8
2003,3,16,3.7,14.4,0.5
2003,3,17,30.6,13.8,3.1
2003,3,18,27.9,13.2,-0.1
2003,3,19,10.6,11.2,-0.2
2003,3,20,13.8,14.8,1.6
2003,3,21,1.9,12.5,2.8
2003,3,22,1.8,12.4,3
2003,3,23,10.1,14.8,3.5
2003,3,24,2.9,12.4,1.3
2003,3,25,0,13.2,0.4
2003,3,26,0,12.6,0.6
2003,3,27,0,15.1,-0.5
2003,3,28,25.7,12.7,0.2
2003,3,29,7,12,0.2
2003,3,30,2.8,12.2,2.5
2003,3,31,1.6,12.5,1
2003,4,1,7,11.6,4.4
2003,4,2,6.7,12.6,2.6
2003,4,3,0,12.8,2.2
2003,4,4,2.8,13.6,3.4
2003,4,5,4.9,14.8,0.2
2003,4,6,0.3,13,1.2
2003,4,7,1.2,13.4,2.4
2003,4,8,0,14.8,0.8
2003,4,9,0,13.4,-3.4
2003,4,10,1.7,11.6,-2.1
2003,4,11,1,11.2,-0.2
2003,4,12,0,12.3,2.4
2003,4,13,0,14.6,-2.5
2003,4,14,2,12.6,-1
2003,4,15,2,12.3,0.4
2003,4,16,2.6,12.4,1.4
2003,4,17,0,14.6,-2.6
2003,4,18,0,14.5,-5.2
2003,4,19,0,14.2,-5.5
2003,4,20,0,14.8,-3.6
2003,4,21,0,14.4,-2.6
2003,4,22,3.9,11.4,1.5
2003,4,23,0.2,13.3,-0.2
2003,4,24,1.9,12.8,-2
2003,4,25,0,15.6,0.4
2003,4,26,4,14.8,-0.2
2003,4,27,0,15.4,2.1
2003,4,28,0,15.6,-0.3
2003,4,29,0,16.2,-1.8
2003,4,30,0,16.4,-0.8
2003,5,1,0,15.8,-1
2003,5,2,0,14.8,-1.7
2003,5,3,0,17,-1.6
2003,5,4,0,15.6,-3.6
2003,5,5,0,14.4,-4.2
2003,5,6,0,14,-3.8
2003,5,7,0.2,15.4,-3
2003,5,8,0,14.2,-6.4
2003,5,9,0,14.4,-5.5
2003,5,10,1.5,14,-6.1
2003,5,11,0,13.2,-2.6
2003,5,12,1.6,11.2,-4.8
2003,5,13,0,13,-0.7
2003,5,14,0,14.1,0.8
2003,5,15,0,14.2,-2.6
2003,5,16,0,13.4,0.8
2003,5,17,0.2,11,-99.9
2003,5,18,0,13.1,0.1
2003,5,19,4.4,13.2,-1.1
2003,5,20,1.2,10.6,-0.4
2003,5,21,0,13.2,-2
2003,5,22,0,14.2,-6.2
2003,5,23,0,14.4,-5.5
2003,5,24,0,16.2,-4
2003,5,25,0,13.4,-7.9
2003,5,26,0,13.6,-8.4
2003,5,27,0,14.6,-9.5
2003,5,28,0,13.4,-8.7
2003,5,29,0,13.6,-6.9
2003,5,30,0,13.8,-7.8
2003,5,31,0,14.6,-6
2003,6,1,0,14.2,-6.6
2003,6,2,0,14.8,-6.8
2003,6,3,0,15.8,-7.8
2003,6,4,0,15.1,-8.2
2003,6,5,0,14.4,-11
2003,6,6,0,14.8,-9.7
2003,6,7,0,13.8,-8.8
2003,6,8,0,14.6,-7.6
2003,6,9,0,15.8,-6.3
2003,6,10,0,15.2,-7.6
2003,6,11,0,15.4,-9.2
2003,6,12,0,16.3,-8.4
2003,6,13,0,15.8,-9
2003,6,14,0,15.8,-8.2
2003,6,15,0,15.4,-8.6
2003,6,16,0,14.8,-8.9
2003,6,17,0,14.4,-9
2003,6,18,0,14.2,-10
2003,6,19,4.5,9.2,-9.6
2003,6,20,0,11.2,-5.2
2003,6,21,0,12.2,-8.8
2003,6,22,0,13.6,-8.6
2003,6,23,0,13.2,-10.4
2003,6,24,0,13.4,-10.6
2003,6,25,0,13.2,-9.1
2003,6,26,0,13.5,-7.8
2003,6,27,0,13.4,-9.4
2003,6,28,0,13.2,-10.1
2003,6,29,0,13.4,-9.3
2003,6,30,0,14.3,-8
2003,7,1,0,14.4,-8.4
2003,7,2,0,13.6,-9.4
2003,7,3,0,13.1,-9.2
2003,7,4,0,15.6,-8
2003,7,5,0,14.4,-8.2
2003,7,6,0,13.8,-12
2003,7,7,0,13.7,-12.4
2003,7,8,0,13.6,-12
2003,7,9,0,14.3,-10.7
2003,7,10,0,14.6,-9.4
2003,7,11,0,14.8,-9
2003,7,12,0,15.4,-8.9
2003,7,13,0,15.2,-6.6
2003,7,14,0,15,-7.1
2003,7,15,0,13.6,-10.6
2003,7,16,0,13.5,-8.1
2003,7,17,0,11.6,-6.5
2003,7,18,0,9.4,0
2003,7,19,0,10,-0.4
2003,7,20,0,12.6,-0.8
2003,7,21,0,14.8,-7.2
2003,7,22,0,14.4,-8.8
2003,7,23,0,14.6,-9.1
2003,7,24,0,14.1,-8.2
2003,7,25,0,13.2,-7.6
2003,7,26,0,13.7,-5
2003,7,27,0,13.4,-5.2
2003,7,28,0,14.3,-6.8
2003,7,29,0,13,-5.8
2003,7,30,0,13.4,-8.4
2003,7,31,0,15.4,-7.2
2003,8,1,0,14.6,-5.6
2003,8,2,0.8,13,-7.7
2003,8,3,0.2,12.4,0.6
2003,8,4,0,13,-3.4
2003,8,5,0,13.6,-9.9
2003,8,6,0,14.3,-8.5
2003,8,7,0,11.4,-6.7
2003,8,8,0,13,-9.4
2003,8,9,0,10.4,-4.5
2003,8,10,0.05,12.6,-1.6
2003,8,11,0,13,-9.1
2003,8,12,0,14.4,-8.1
2003,8,13,0,15.2,-9
2003,8,14,0,15.4,-10.7
2003,8,15,0,15.2,-10
2003,8,16,0,15.3,-10.8
2003,8,17,0,15.2,-11.8
2003,8,18,0,14.8,-9.6
2003,8,19,0,15.2,-9.4
2003,8,20,0,15.4,-8.5
2003,8,21,0,15.9,-8.6
2003,8,22,0,15.2,-8.6
2003,8,23,0,15.4,-8.2
2003,8,24,0,13,-5.6
2003,8,25,0,16.9,-8
2003,8,26,0,15.3,-6.6
2003,8,27,1.3,14.2,-0.8
2003,8,28,0,14.4,-6.9
2003,8,29,0,15.9,-9.7
2003,8,30,0,14.8,-10.4
2003,8,31,0,13.8,-8.2
2003,9,1,0,15.4,-7.2
2003,9,2,0,14.1,-7.4
2003,9,3,0.8,11.6,-7.2
2003,9,4,0,12.9,-4.9
2003,9,5,0,14,-3.6
2003,9,6,0,14.2,-5.4
2003,9,7,0,15.1,-8.9
2003,9,8,0,15,-11
2003,9,9,0,16.4,-10.7
2003,9,10,0,14.2,-8.2
2003,9,11,13.2,8.8,-3.7
2003,9,12,0,12.4,-4.8
2003,9,13,1.2,11.2,-5.6
2003,9,14,1,11,0.4
2003,9,15,0,14.2,-4.7
2003,9,16,0,15.4,-5.8
2003,9,17,0,16.2,-7.8
2003,9,18,0,16.7,-6.3
2003,9,19,0,16.2,-4.9
2003,9,20,0.2,13.8,-1.9
2003,9,21,0,14,-3
2003,9,22,0,15,-0.2
2003,9,23,1,14.5,0.6
2003,9,24,0,15.2,0.5
2003,9,25,0,16.1,-7.1
2003,9,26,0,16.3,-11.6
2003,9,27,0,16.5,-8.2
2003,9,28,0,16.8,-9.2
2003,9,29,0,17.7,-7.6
2003,9,30,0,17,-5.7
2003,10,1,0,16.5,-4.6
2003,10,2,0,16.8,-3
2003,10,3,0.05,17.7,-6
2003,10,4,0,16.7,-12.2
2003,10,5,0,18.6,-12.3
2003,10,6,0,17.2,-7
2003,10,7,0,17.8,-10.4
2003,10,8,0,18.3,-9.7
2003,10,9,0,19.2,-8
2003,10,10,0,19.1,-7
2003,10,11,0,15.6,-7.6
2003,10,12,0,18.1,-4.8
2003,10,13,0,17.4,-7.4
2003,10,14,0,16.3,-4.3
2003,10,15,0,18.6,-6.7
2003,10,16,0,19.2,-6.6
2003,10,17,0,18.1,-5.9
2003,10,18,0,17.6,-6.5
2003,10,19,0,18.5,-5.4
2003,10,20,0,19.4,-6.6
2003,10,21,0,20,-5.2
2003,10,22,0,20.4,-5
2003,10,23,0,18.6,-2.3
2003,10,24,0.05,19.7,-0.2
2003,10,25,0,15.8,-1.2
2003,10,26,0,17.7,-6.5
2003,10,27,1.2,17,-4.4
2003,10,28,14.8,16,-3.1
2003,10,29,0.05,14.6,-0.1
2003,10,30,2.1,12.1,1.8
2003,10,31,0.5,14.3,-0.4
2003,11,1,0,17.4,-2
2003,11,2,0,17.3,-3.9
2003,11,3,8,14.6,0.8
2003,11,4,0,17.6,-5.2
2003,11,5,0,18,-7.4
2003,11,6,0,19,-9.8
2003,11,7,0,18.6,-7
2003,11,8,0,18.2,-3.6
2003,11,9,0.3,16.2,-2.6
2003,11,10,13.6,15.7,-0.4
2003,11,11,0.4,12.3,0
2003,11,12,0,17.3,-2
2003,11,13,0,16.6,0.7
2003,11,14,0,15.6,0
2003,11,15,0,19.2,-2.1
2003,11,16,0,19,-3.8
2003,11,17,0,17.4,-6.6
2003,11,18,0,18,-8.2
2003,11,19,0,18.7,-8
2003,11,20,0,17.7,-6.2
2003,11,21,0,17.4,0.4
2003,11,22,0,17.8,-3.1
2003,11,23,0,18.2,-2.8
2003,11,24,0,19.8,-1.8
2003,11,25,0,18.6,-0.8
2003,11,26,0,18.6,-2.3
2003,11,27,17,18.4,-0.2
2003,11,28,0,14.8,-0.4
2003,11,29,0,18.9,-3.9
2003,11,30,0,19.2,-2.6
2003,12,1,0.3,18.6,-2.7
2003,12,2,0,-99.9,-2.6
2003,12,3,0,19.6,-5.8
2003,12,4,0,18.2,-5.4
2003,12,5,0,17.2,-3.4
2003,12,6,0,19.6,-3.2
2003,12,7,1.3,20.2,-0.5
2003,12,8,0.8,18.6,-1.4
2003,12,9,0,18.7,-1.8
2003,12,10,0,16.8,0.9
2003,12,11,0,19.9,-4.2
2003,12,12,7.6,18.7,-0.8
2003,12,13,0.2,16.8,2
2003,12,14,0,18.6,-3.2
2003,12,15,2.1,19.6,-3.8
2003,12,16,6.8,17.6,1
2003,12,17,1.9,15.8,0.5
2003,12,18,12.8,15,0.3
2003,12,19,1.3,14.4,0.6
2003,12,20,11.4,15.2,2.6
2003,12,21,8.5,14.8,-0.4
2003,12,22,4.6,15.8,1.8
2003,12,23,8.7,12.3,1.1
2003,12,24,20.3,12.4,3.1
2003,12,25,1.8,12.6,0
2003,12,26,9.8,14.4,2.8
2003,12,27,0,14.2,2
2003,12,28,0,15.3,-1.2
2003,12,29,1.5,17.4,-1.8
2003,12,30,31.5,15.2,3.6
2003,12,31,0.4,13.6,-0.1
2004,1,1,-99.9,13.8,-99.9
2004,1,2,-99.9,16.8,3
2004,1,3,-99.9,12.2,2.9
2004,1,4,-99.9,14.3,0.2
2004,1,5,-99.9,9.6,0.1
2004,1,6,-99.9,9.1,0.2
2004,1,7,-99.9,14.6,3.4
2004,1,8,-99.9,13.2,2.8
2004,1,9,-99.9,14.3,2.3
2004,1,10,-99.9,12.2,2.4
2004,1,11,-99.9,14.6,2
2004,1,12,-99.9,12.8,2.6
2004,1,13,-99.9,15.1,4.1
2004,1,14,-99.9,14,1.4
2004,1,15,-99.9,14.8,-0.4
2004,1,16,-99.9,11.6,3.2
2004,1,17,-99.9,11,1.7
2004,1,18,-99.9,9.8,1.3
2004,1,19,-99.9,12.6,1.4
2004,1,20,-99.9,13.8,3.3
2004,1,21,-99.9,15.7,-0.4
2004,1,22,-99.9,12.3,1.8
2004,1,23,-99.9,12.8,1
2004,1,24,-99.9,13,0
2004,1,25,-99.9,15.5,3.9
2004,1,26,-99.9,11.9,0.6
2004,1,27,-99.9,13,0
2004,1,28,-99.9,14.7,0
2004,1,29,-99.9,13.6,0.2
2004,1,30,-99.9,15,0.8
2004,1,31,-99.9,14.6,1.4
2004,2,1,4.6,15,1.4
2004,2,2,0,15.6,2.7
2004,2,3,1.9,16.4,2.4
2004,2,4,12.2,16.6,2.6
2004,2,5,22.9,16.3,3.6
2004,2,6,17.2,11.4,0.2
2004,2,7,13.4,11.9,3.4
2004,2,8,10.4,12.6,0.2
2004,2,9,13.1,14.6,4.4
2004,2,10,15.4,10.6,0.6
2004,2,11,10.2,14.8,0.1
2004,2,12,0,13.5,3.3
2004,2,13,0.9,13.6,3.4
2004,2,14,0,15.8,2.9
2004,2,15,1.9,15.6,1.8
2004,2,16,1.2,16,-0.6
2004,2,17,0,14.2,0.2
2004,2,18,5.1,15.2,0.1
2004,2,19,11.7,14.2,1.2
2004,2,20,0.5,14.3,0.4
2004,2,21,0,13.2,2.9
2004,2,22,0,15,-2.4
2004,2,23,0,15.2,-2.2
2004,2,24,0,15.5,-1.6
2004,2,25,0,15.1,-0.5
2004,2,26,0,15.2,0
2004,2,27,0,15.6,0.8
2004,2,28,0.7,15.2,1
2004,2,29,0,15.6,-0.1
2004,3,1,0,16.2,0.3
2004,3,2,0,16,-0.3
2004,3,3,0.3,13.8,0.7
2004,3,4,0.4,15,-0.2
2004,3,5,0,15.1,-0.4
2004,3,6,0,14.6,-0.9
2004,3,7,0,16.6,0.6
2004,3,8,0.4,13.4,1
2004,3,9,1.6,13,0.4
2004,3,10,3,15.5,1.3
2004,3,11,2.2,14.8,1.5
2004,3,12,4.9,13.8,1.5
2004,3,13,4.8,16.3,-0.7
2004,3,14,1.7,14.9,-0.6
2004,3,15,0.2,16.2,0.4
2004,3,16,4.8,16.1,1.7
2004,3,17,0,13.8,0.5
2004,3,18,0.4,16.1,0.3
2004,3,19,2.6,15,-0.6
2004,3,20,1.4,13.4,0.6
2004,3,21,13,16,0.7
2004,3,22,20.4,12.4,1.6
2004,3,23,20,11.2,-0.2
2004,3,24,0.6,12.2,1.4
2004,3,25,0,14.8,1.5
2004,3,26,0,15,-1.6
2004,3,27,0,14.2,-0.8
2004,3,28,0,15.4,-0.1
2004,3,29,17.2,14.6,0.3
2004,3,30,4.7,12.8,0.4
2004,3,31,0,13.5,3
2004,4,1,18.8,15.2,2.4
2004,4,2,0,13.7,-1.4
2004,4,3,0.2,15.9,1.8
2004,4,4,0,14.4,2.3
2004,4,5,0.9,12.5,4
2004,4,6,4,16.4,-1.5
2004,4,7,0,15.1,0.4
2004,4,8,0,16,-0.1
2004,4,9,0.4,12.6,3
2004,4,10,1.4,14,-0.3
2004,4,11,0,15.4,-0.9
2004,4,12,0,15.6,-1.9
2004,4,13,0,15.7,-1.3
2004,4,14,0,15.8,-1.2
2004,4,15,0,14.8,-0.8
2004,4,16,0,14,-0.9
2004,4,17,0.7,13,-1.4
2004,4,18,8.2,14.7,0.4
2004,4,19,11,11.8,1
2004,4,20,0,14.8,-0.4
2004,4,21,0,14.2,-3.4
2004,4,22,0,13.9,-3.8
2004,4,23,0,13.6,-2.9
2004,4,24,1.4,13,-2.6
2004,4,25,7.4,12.4,-1.2
2004,4,26,0,13.3,0
2004,4,27,0,14.6,-0.6
2004,4,28,0,14.7,-1.7
2004,4,29,0,15.3,-3.1
2004,4,30,2.4,13.8,-1.4
2004,5,1,0,15.2,-1.4
2004,5,2,0.7,13.6,-2.4
2004,5,3,0,14,-2.2
2004,5,4,1.1,12.4,-0.8
2004,5,5,0,14.2,-0.4
2004,5,6,0,14.8,-6.6
2004,5,7,0,14.2,-6.4
2004,5,8,0,13,-4
2004,5,9,0,14.2,-5.4
2004,5,10,0,15.4,-6.5
2004,5,11,0,16.8,-5.6
2004,5,12,0,15.4,-8
2004,5,13,0,15.4,-9.2
2004,5,14,0,15.6,-10.3
2004,5,15,0,15,-9.4
2004,5,16,0,15.2,-8.7
2004,5,17,0,15.4,-9
2004,5,18,0,15.2,-9.2
2004,5,19,0,14,-8
2004,5,20,0,14.8,-6.6
2004,5,21,0,14.4,-7.2
2004,5,22,0,14.8,-8.4
2004,5,23,0,15.6,-8.8
2004,5,24,0,15,-6.7
2004,5,25,0,16,-6
2004,5,26,0,13.8,-9.8
2004,5,27,0,15.9,-10.3
2004,5,28,0,15.3,-11.8
2004,5,29,0,15.5,-11.2
2004,5,30,0,14.8,-10
2004,5,31,0,14.1,-11.8
2004,6,1,0,14,-11
2004,6,2,0,14.6,-11.8
2004,6,3,0,14,-11.4
2004,6,4,0,14.6,-8.6
2004,6,5,0,13.5,-9.5
2004,6,6,0,13.2,-9.6
2004,6,7,0,11.9,-8.5
2004,6,8,0,12,-5.3
2004,6,9,0,13.2,-7.4
2004,6,10,0,12.4,-9.5
2004,6,11,0,14.9,-10.2
2004,6,12,0.2,13.6,-8.7
2004,6,13,0,13.4,-5.2
2004,6,14,0,14.3,-9
2004,6,15,0,13.7,-7.8
2004,6,16,0,11.8,-6
2004,6,17,0,13.3,-8.7
2004,6,18,0,12.8,-8.4
2004,6,19,0,13,-9.4
2004,6,20,0,13.8,-10.4
2004,6,21,0,13.8,-11.6
2004,6,22,0,13.4,-8.8
2004,6,23,0.2,12.4,-8.4
2004,6,24,3.1,-99.9,-1.8
2004,6,25,0,11.6,-5.7
2004,6,26,0,13,-9.6
2004,6,27,0,12.8,-6.6
2004,6,28,0,12.4,-9.3
2004,6,29,0,14.2,-5.2
2004,6,30,0,11.3,-3.1
2004,7,1,0.8,8.9,-2.1
2004,7,2,3.4,8.6,-0.2
2004,7,3,14.3,-99.9,-0.4
2004,7,4,5.4,-99.9,-0.6
2004,7,5,0,-99.9,-5
2004,7,6,0,11.2,-3.4
2004,7,7,0,10.4,-5.1
2004,7,8,0,11.2,-9.4
2004,7,9,0,12,-8.6
2004,7,10,0,12.6,-8.8
2004,7,11,0,10.6,-6.6
2004,7,12,0,10.8,-6.8
2004,7,13,0,12.8,-9.5
2004,7,14,0,13.2,-8.6
2004,7,15,0,12.4,-8.2
2004,7,16,0,12.6,-7.8
2004,7,17,0,10.1,-5.7
2004,7,18,0,11.6,-7.4
2004,7,19,0,13,-12
2004,7,20,0,12.9,-10.1
2004,7,21,0,12.1,-8
2004,7,22,0,12,-11.1
2004,7,23,0,11.8,-10.2
2004,7,24,0,12,-9.9
2004,7,25,0,12.6,-7.8
2004,7,26,0,13,-3.1
2004,7,27,0,14.9,-6.8
2004,7,28,0,16.2,-7.3
2004,7,29,0,14.6,-7.4
2004,7,30,0,13.6,-5
2004,7,31,0,15.2,-6.6
2004,8,1,0,16.5,-7.4
2004,8,2,0,16,-7.4
2004,8,3,0,15.8,-7.8
2004,8,4,0,14.5,-7.5
2004,8,5,0,14.6,-8.2
2004,8,6,0,13.6,-9.4
2004,8,7,0,12.2,-6.2
2004,8,8,0,12.7,-4.8
2004,8,9,0,12.4,-5
2004,8,10,0,11.8,-6.1
2004,8,11,2.6,12.6,-2.8
2004,8,12,0,10.4,-3
2004,8,13,0,12.6,-7
2004,8,14,0,11.2,-7.1
2004,8,15,0,12.4,-6.5
2004,8,16,0,13.2,-0.4
2004,8,17,0,13.7,-6.2
2004,8,18,0.1,10.6,0
2004,8,19,0,14.4,-0.4
2004,8,20,0,15.7,-5.9
2004,8,21,0,16.1,-6.4
2004,8,22,0,13.2,-4.6
2004,8,23,2.2,13,-1.8
2004,8,24,3.3,-99.9,-0.8
2004,8,25,0,8.6,-5
2004,8,26,0,11.6,-7.7
2004,8,27,0,11.8,-10.4
2004,8,28,0,13,-9.6
2004,8,29,9.8,13.8,-4.2
2004,8,30,0.05,11.6,-1
2004,8,31,0.05,14.7,-2.1
2004,9,1,1,14.3,-0.6
2004,9,2,0,16.2,-99.9
2004,9,3,0,14.2,-3.4
2004,9,4,0,15.4,-99.9
2004,9,5,0,16.2,-5.4
2004,9,6,0,16,-5.2
2004,9,7,0,14.9,-6.6
2004,9,8,0.3,12.2,-4.2
2004,9,9,0,12.8,-0.2
2004,9,10,0.7,13.6,-3.7
2004,9,11,0,16.6,-5
2004,9,12,0,17.2,-5.1
2004,9,13,0,16.6,-7.6
2004,9,14,0,17.2,-6.8
2004,9,15,0,17.5,-8
2004,9,16,0,15.4,-8.6
2004,9,17,0,14.4,-9.6
2004,9,18,0,15.7,-8.7
2004,9,19,0,16.3,-7.5
2004,9,20,0,15.2,-3.4
2004,9,21,0,17.2,-1.2
2004,9,22,0,14.8,-2.8
2004,9,23,5.2,17,-1.6
2004,9,24,2.3,13.2,-0.6
2004,9,25,0.3,15.2,0
2004,9,26,0.5,15,-2
2004,9,27,0,15.3,-0.9
2004,9,28,0,16.4,-3.1
2004,9,29,0.6,12.8,-4.8
2004,9,30,0,12.8,-0.6
2004,10,1,0,16.3,-5.4
2004,10,2,0,17.2,-7.8
2004,10,3,0,17.8,-8
2004,10,4,0,16.5,-4.4
2004,10,5,0.3,13.6,-1.5
2004,10,6,3.8,15.4,-4.4
2004,10,7,0,12.9,-0.4
2004,10,8,0,17.8,-3.4
2004,10,9,0.3,12.7,-4.3
2004,10,10,0,16.4,-1.6
2004,10,11,0,16.2,-5
2004,10,12,0,16.6,-2.6
2004,10,13,0,17.5,-4.8
2004,10,14,0,16,-5
2004,10,15,0,16.4,0.3
2004,10,16,1.6,17.8,-7.6
2004,10,17,0,18.2,-3.7
2004,10,18,0,19.2,-5.3
2004,10,19,0,19,-5.4
2004,10,20,0,17.8,-1.2
2004,10,21,0,18.4,-0.8
2004,10,22,0,19.2,-5.6
2004,10,23,0.5,18.6,-5.4
2004,10,24,0,19.2,-4
2004,10,25,0,19.2,-8
2004,10,26,0,17.9,-9.4
2004,10,27,0,17.1,-8.2
2004,10,28,2.4,17.8,-4.2
2004,10,29,0,18,-1.3
2004,10,30,0,19.8,-5
2004,10,31,0,18.8,-4.3
2004,11,1,0.4,18,-2
2004,11,2,1,19.7,-0.2
2004,11,3,0,19,-3.2
2004,11,4,0,18.6,-99.9
2004,11,5,2,19.8,-2.5
2004,11,6,1.2,15.4,0.3
2004,11,7,4.6,15.1,-1.3
2004,11,8,0,18.7,0.4
2004,11,9,0,19.2,-0.9
2004,11,10,0,18.8,-5
2004,11,11,0,19.8,-7.1
2004,11,12,0,18.3,-4.7
2004,11,13,0.8,17.8,-4.3
2004,11,14,2.7,15.3,-99.9
2004,11,15,0,18.6,-3.3
2004,11,16,0,15.7,-2.4
2004,11,17,0,16.6,-4.9
2004,11,18,0,19.4,-4.5
2004,11,19,0,17.4,-3
2004,11,20,0,17.3,-3.7
2004,11,21,0,17.4,-3
2004,11,22,0,17.2,-2.7
2004,11,23,0,17.4,-5
2004,11,24,0,18,-6.4
2004,11,25,0,18.2,-3.6
2004,11,26,0,18.4,-4.8
2004,11,27,0,18.6,-4.9
2004,11,28,0,20.4,-4.3
2004,11,29,0,18.4,-6
2004,11,30,1.6,18.8,-3.6
2004,12,1,0,19.4,1
2004,12,2,0,20.4,-5
2004,12,3,2.5,19.6,-2.8
2004,12,4,0,16.6,-4.8
2004,12,5,0,19,-1.6
2004,12,6,0,17.2,-2.4
2004,12,7,0,-99.9,-2.7
2004,12,8,0,20.4,-4
2004,12,9,0.1,15.8,-1.8
2004,12,10,20.9,11.6,0.4
2004,12,11,2.3,12.9,0.8
2004,12,12,1.2,14.8,2.5
2004,12,13,5.3,13.4,3.2
2004,12,14,0.4,13.9,-99.9
2004,12,15,0.3,15.1,2.6
2004,12,16,1.7,17.6,0.8
2004,12,17,0,16.8,0.7
2004,12,18,1.1,14.6,1.8
2004,12,19,1.4,16.2,1.4
2004,12,20,1.5,16.2,1.6
2004,12,21,0,16,0
2004,12,22,0,17.8,0.7
2004,12,23,0,17.2,-0.5
2004,12,24,0,19.1,-0.5
2004,12,25,0,18.3,-1.3
2004,12,26,0,18.2,-0.5
2004,12,27,4.6,17.6,-5.2
2004,12,28,0.2,17.2,1.4
2004,12,29,0.2,16.8,-0.6
2004,12,30,9.1,16.4,1
2004,12,31,1.5,14.4,1.1
2005,1,1,11.9,16.6,0.4
2005,1,2,9.4,14.3,3.5
2005,1,3,6.3,12.5,1.6
2005,1,4,0.9,15.5,0.6
2005,1,5,0,17.4,-1
2005,1,6,0,18,-1.3
2005,1,7,11.8,16.3,-0.6
2005,1,8,3.4,14.2,0.6
2005,1,9,6.5,14.6,3.3
2005,1,10,14.7,13.4,2.6
2005,1,11,4.9,12.2,1.6
2005,1,12,8.5,13.8,3
2005,1,13,7.6,13.8,3.6
2005,1,14,0,13.4,3.5
2005,1,15,0,13.3,0.9
2005,1,16,0,9.9,-0.8
2005,1,17,0,14.4,-0.8
2005,1,18,20.8,17.3,2
2005,1,19,16.6,13.8,2
2005,1,20,5,13.7,0
2005,1,21,0,16.2,0.2
2005,1,22,0,15.8,-2
2005,1,23,0,17.3,-1.2
2005,1,24,0,14.8,-1.8
2005,1,25,0.3,17.2,-2
2005,1,26,0,17,0.3
2005,1,27,0,18.8,-1.2
2005,1,28,0,18.6,-0.2
2005,1,29,0,16.8,-1.2
2005,1,30,0,17.2,-0.7
2005,1,31,0.6,16.8,-0.2
2005,2,1,0,14.2,2.6
2005,2,2,24.4,15.6,3.6
2005,2,3,6.9,13.2,0
2005,2,4,28.9,15.3,2
2005,2,5,0,12.1,0
2005,2,6,9,12.8,2.6
2005,2,7,7.6,14.8,-0.2
2005,2,8,10,12.6,2
2005,2,9,1.7,12.7,0
2005,2,10,1.6,13.6,3
2005,2,11,13.8,11.6,-99.9
2005,2,12,13.6,12.4,2.7
2005,2,13,8.9,13.2,1
2005,2,14,7.4,15,1.6
2005,2,15,2.9,12.8,1.6
2005,2,16,6.9,13.3,3.4
2005,2,17,22.2,12.8,-99.9
2005,2,18,0.9,11.8,-0.3
2005,2,19,1.4,11.6,3.3
2005,2,20,10.5,12.4,2.6
2005,2,21,9.1,13,1.8
2005,2,22,9.3,10.8,2.5
2005,2,23,0.4,10.4,0.6
2005,2,24,0.2,13.7,3
2005,2,25,0,15.6,1.7
2005,2,26,0,17.1,3.6
2005,2,27,0,17.3,1.8
2005,2,28,0,16.7,-1.4
2005,3,1,9.4,16.4,1.2
2005,3,2,0,17.6,-1.2
2005,3,3,0.4,15.6,-2.8
2005,3,4,0,14.4,3.4
2005,3,5,0,16.2,-0.6
2005,3,6,1.8,17.8,0.2
2005,3,7,3.9,15.6,1.6
2005,3,8,6.4,15.8,4
2005,3,9,4,13.4,4
2005,3,10,21.5,14.4,3.4
2005,3,11,3.7,13.8,0.2
2005,3,12,0,14.9,3.6
2005,3,13,16.9,16.8,-1
2005,3,14,6.3,15,2
2005,3,15,0,14.4,0.4
2005,3,16,0,14.8,1.2
2005,3,17,0,14.6,0
2005,3,18,0.6,14.9,-0.3
2005,3,19,0,15.6,-1.5
2005,3,20,0.7,13.4,-1.4
2005,3,21,1.2,11.4,0.8
2005,3,22,8.6,13.2,3.5
2005,3,23,32.2,11.6,1.8
2005,3,24,8.6,12.2,0.4
2005,3,25,12,16,1.3
2005,3,26,1.3,14.8,2.7
2005,3,27,0.2,15.2,2.4
2005,3,28,0.4,15.3,2.6
2005,3,29,14.3,14.2,2.3
2005,3,30,6.7,13.4,2.2
2005,3,31,2.6,13.6,3.6
2005,4,1,4.6,13.2,3.4
2005,4,2,0.6,12.6,2.8
2005,4,3,17.9,12.5,1.8
2005,4,4,3.5,14.6,1
2005,4,5,8.6,14.3,1.4
2005,4,6,0,15.2,-99.9
2005,4,7,14.4,14.1,0.5
2005,4,8,1.9,15.4,1.4
2005,4,9,16.1,13.5,2.6
2005,4,10,0.4,13.6,0.2
2005,4,11,0,14.6,-0.2
2005,4,12,1.5,13.2,-1
2005,4,13,0.9,12.8,1.1
2005,4,14,0,11.9,0.6
2005,4,15,3.4,15.2,0.2
2005,4,16,0,12.8,1.1
2005,4,17,0,15.8,-0.4
2005,4,18,0,15.8,-2.4
2005,4,19,0,14.3,-5
2005,4,20,0,15.2,-3.8
2005,4,21,0,15.6,-1.8
2005,4,22,0,13.8,-1.3
2005,4,23,0,14.4,-2.8
2005,4,24,0.6,13.3,-0.7
2005,4,25,0,15.8,0.8
2005,4,26,0,15.2,-2.8
2005,4,27,0,16,-3.5
2005,4,28,0,15.1,-4.8
2005,4,29,0,14.8,-5.3
2005,4,30,0,15.4,-1.8
2005,5,1,0,15.2,-0.3
2005,5,2,0,14.6,-3.6
2005,5,3,0,15,-2.6
2005,5,4,0,14.9,-0.6
2005,5,5,0,14.8,-4.2
2005,5,6,0,12.4,-3.8
2005,5,7,0,14.1,-7.6
2005,5,8,0,14.4,-8.6
2005,5,9,0,15,-9.1
2005,5,10,0,14.6,-7.3
2005,5,11,0,15.6,-6.4
2005,5,12,0,15.2,-4.2
2005,5,13,0.2,14.8,-4.8
2005,5,14,0,14.3,-6.8
2005,5,15,0,15.2,-5.7
2005,5,16,0,15,-6.2
2005,5,17,0,14.2,-2.6
2005,5,18,0,15.6,-3.6
2005,5,19,0,16,-7
2005,5,20,0,17.2,-8.3
2005,5,21,0,17.4,-7.4
2005,5,22,0,16.2,-6.9
2005,5,23,0,17,-10
2005,5,24,0,16.2,-9.6
2005,5,25,0,16.6,-11.4
2005,5,26,0,15.1,-9.4
2005,5,27,0,16,-10
2005,5,28,0,14.8,-9
2005,5,29,0,15.2,-8.4
2005,5,30,0,15.3,-8.2
2005,5,31,0,14.8,-9
2005,6,1,0,15.4,-10.7
2005,6,2,0,16.4,-10.8
2005,6,3,0,15.6,-9.8
2005,6,4,0,15.2,-9.2
2005,6,5,0,15.6,-8.4
2005,6,6,0,14.1,-7.2
2005,6,7,0,14,-8.6
2005,6,8,0,13.8,-10
2005,6,9,0,14.6,-9.6
2005,6,10,0,13.5,-11.4
2005,6,11,0,13.8,-12.8
2005,6,12,0,14.6,-12.1
2005,6,13,0,14.2,-12
2005,6,14,0,16,-12.1
2005,6,15,0,15,-10.3
2005,6,16,0,15.8,-9.6
2005,6,17,0,14.9,-11.8
2005,6,18,0,15,-12
2005,6,19,0,15.1,-11.8
2005,6,20,0,14.8,-11
2005,6,21,0,13.4,-10.4
2005,6,22,0,14.4,-10
2005,6,23,0,14.6,-10
2005,6,24,0,14.3,-9.2
2005,6,25,0,15.2,-8.4
2005,6,26,0,12.2,-10.4
2005,6,27,0,14.1,-13.1
2005,6,28,0,14.6,-11.6
2005,6,29,0,13.6,-10.4
2005,6,30,0,14.4,-9.8
2005,7,1,0,15.6,-9.4
2005,7,2,0,17.2,-6
2005,7,3,0,17.4,-8.4
2005,7,4,0,17,-8
2005,7,5,0,16.8,-9.1
2005,7,6,0,15.2,-8.2
2005,7,7,0,16.2,-7.2
2005,7,8,0,16.4,-8.2
2005,7,9,0,15.4,-9.6
2005,7,10,0,15.2,-9.8
2005,7,11,0,14.6,-11.6
2005,7,12,0,14.6,-10.4
2005,7,13,0,15.2,-10.6
2005,7,14,0,15.3,-10.8
2005,7,15,0,15.2,-6.4
2005,7,16,0,14.4,-8.3
2005,7,17,0,14.2,-10.4
2005,7,18,0,14.9,-7.4
2005,7,19,0,13.8,-7.7
2005,7,20,0,12.2,-7
2005,7,21,0,13.8,-8.2
2005,7,22,0,13.6,-1.2
2005,7,23,0,14.6,-8
2005,7,24,0,15.2,-10.2
2005,7,25,0,15.1,-10.6
2005,7,26,0,14.8,-10
2005,7,27,0,15,-8
2005,7,28,0,15.3,-8.4
2005,7,29,0,16.5,-7.6
2005,7,30,0,17.4,-7.8
2005,7,31,0,16.8,-8.1
2005,8,1,0,17.6,-8
2005,8,2,0,16.7,-7
2005,8,3,0,15.2,-8.2
2005,8,4,0,16.4,-8.4
2005,8,5,0,14.8,-8.7
2005,8,6,0,14.3,-9.6
2005,8,7,0.4,11.4,-2.8
2005,8,8,0,10.3,-3.6
2005,8,9,0,14.4,-9.8
2005,8,10,0,15.8,-8.4
2005,8,11,0,16.2,-9.4
2005,8,12,0,16.3,-11.8
2005,8,13,0,16.8,-8.8
2005,8,14,0,16.7,-8.7
2005,8,15,0,16.4,-12.6
2005,8,16,0,17.2,-11.3
2005,8,17,0,15.2,-12.5
2005,8,18,0,16.1,-10.4
2005,8,19,0,15.4,-10.2
2005,8,20,0,17,-7
2005,8,21,0,15.2,-7.8
2005,8,22,0,14.4,-7.3
2005,8,23,0,14.6,-14.4
2005,8,24,0,15.2,-10.2
2005,8,25,0,16.2,-7.6
2005,8,26,0,15.6,-11.2
2005,8,27,0,17.1,-11.4
2005,8,28,0,17.3,-11.3
2005,8,29,0,18.2,-12
2005,8,30,0,16.8,-13.1
2005,8,31,0,16.6,-12.6
2005,9,1,0,16.5,-10.8
2005,9,2,0,16.4,-7.9
2005,9,3,0,15.8,-8.4
2005,9,4,0,16.8,-13
2005,9,5,0,16.6,-11.8
2005,9,6,0,17.1,-11.8
2005,9,7,0,15.2,-9.6
2005,9,8,0,12.8,-2.4
2005,9,9,0.4,11.2,-0.8
2005,9,10,0,14,-4.6
2005,9,11,0,15.2,-5
2005,9,12,0,13.3,-2.8
2005,9,13,4.2,-99.9,-99.9
2005,9,14,2.6,10.3,-1
2005,9,15,0.4,11.8,-0.8
2005,9,16,0,13.6,0.6
2005,9,17,0,14.4,0.6
2005,9,18,0,13.2,-3.5
2005,9,19,0,15,-4.2
2005,9,20,0,16.4,-3.6
2005,9,21,0,16.8,-5.5
2005,9,22,0,17.8,-6.8
2005,9,23,0,19.2,-6.7
2005,9,24,0,16.6,-3.6
2005,9,25,0,17.3,-9.2
2005,9,26,0,17.8,-8.8
2005,9,27,0,18.4,-9.4
2005,9,28,0,17.4,-6.3
2005,9,29,0,18.2,-3.8
2005,9,30,0,18.4,-5.4
2005,10,1,0,18.6,-8.4
2005,10,2,0,17,-3.6
2005,10,3,0,15.6,-5.8
2005,10,4,0.2,17.8,-1.6
2005,10,5,0,17.6,-0.2
2005,10,6,0.05,16.4,1.2
2005,10,7,0,15.8,-3.3
2005,10,8,5.7,15,-1
2005,10,9,1.4,12.6,0.2
2005,10,10,5.9,-99.9,0.4
2005,10,11,0,14.2,-2.2
2005,10,12,0,16.8,-4.6
2005,10,13,0,17.6,-5.6
2005,10,14,0,16.4,-6.2
2005,10,15,0.5,16.6,-4.4
2005,10,16,0.05,17.1,-4.7
2005,10,17,0,18.4,2
2005,10,18,0,18,-2
2005,10,19,0.05,16.6,-4.6
2005,10,20,0.2,16.4,-4
2005,10,21,0,17.8,-5.6
2005,10,22,0,17.6,-6.2
2005,10,23,0,17,-2.1
2005,10,24,0,16.1,-0.3
2005,10,25,0,18.4,-4.6
2005,10,26,0,16.8,-4.8
2005,10,27,0.8,16.6,-3.2
2005,10,28,0,19.1,-4.4
2005,10,29,0,18.4,-6.6
2005,10,30,0,20.1,-7
2005,10,31,0,19.8,-9.3
2005,11,1,0,19.8,-8.2
2005,11,2,0,20.1,-6.7
2005,11,3,0,17.8,-5.2
2005,11,4,0,18.5,-2
2005,11,5,0,18.6,-4.2
2005,11,6,2.2,18,-1
2005,11,7,0.6,13.1,0.8
2005,11,8,14.6,11.9,1
2005,11,9,3.4,15,0.3
2005,11,10,0,14.8,-0.2
2005,11,11,0,15.6,0.2
2005,11,12,0,16,0.3
2005,11,13,0,17.8,-4.2
2005,11,14,0,18.6,-3.6
2005,11,15,0,16.8,-3
2005,11,16,0,18.8,-3.8
2005,11,17,0,19.9,-5.6
2005,11,18,0.4,18.4,-4.4
2005,11,19,1,15.4,1.8
2005,11,20,0,17.1,0.4
2005,11,21,0,19.2,-3
2005,11,22,0,19.8,1.6
2005,11,23,0,18.6,-5.6
2005,11,24,0,17.8,-6
2005,11,25,0,19.2,-4.7
2005,11,26,0,19.5,-3.6
2005,11,27,0,19.9,-7.1
2005,11,28,0,20,-7.6
2005,11,29,0,-99.9,-6.4
2005,11,30,0.3,20,-1.8
2005,12,1,0.5,16.8,-1.8
2005,12,2,8.3,16.2,2
2005,12,3,2.6,15.4,2.2
2005,12,4,0,19.2,-1.7
2005,12,5,0,18.8,-2.8
2005,12,6,0,-99.9,-5
2005,12,7,0,18.8,-5.2
2005,12,8,0,19.6,-6.5
2005,12,9,3.1,17.2,-3.6
2005,12,10,1.4,17.9,-0.4
2005,12,11,19.5,14.6,-99.9
2005,12,12,0.1,15.4,0.4
2005,12,13,0,17.6,0.6
2005,12,14,7.4,15.8,1.1
2005,12,15,2,15.6,1.2
2005,12,16,4.1,16,1.6
2005,12,17,15.6,17.3,0.8
2005,12,18,5.3,12.6,1.2
2005,12,19,17.5,15.6,1.2
2005,12,20,1,14.6,-0.6
2005,12,21,1.8,16.2,1.8
2005,12,22,1.7,15.6,-0.1
2005,12,23,11.5,16.6,-0.3
2005,12,24,24.8,15.4,-0.6
2005,12,25,4,12.4,-0.2
2005,12,26,24.1,13.8,1.9
2005,12,27,2.8,11.2,0
2005,12,28,0,13.3,4.2
2005,12,29,7.4,12.6,2
2005,12,30,17.3,16.2,0.8
2005,12,31,10.7,13.6,0.6
2006,1,1,0.05,11.6,2.4
2006,1,2,0,12,0.8
2006,1,3,8.3,12.7,0.2
2006,1,4,4.5,15,1.2
2006,1,5,6.1,11.6,2
2006,1,6,2.3,13.6,1.2
2006,1,7,0,12.8,-1.6
2006,1,8,0.05,14.9,-1.4
2006,1,9,0,16.5,-1.2
2006,1,10,0.4,16.7,-0.4
2006,1,11,8.1,15.7,0.3
2006,1,12,20,13.4,-99.9
2006,1,13,18.3,12.2,2.6
2006,1,14,3.2,11,2.4
2006,1,15,12.2,10.8,3.7
2006,1,16,14.1,13.2,2.2
2006,1,17,0.8,13.4,0
2006,1,18,4.3,11.4,2.8
2006,1,19,0,14,0.6
2006,1,20,8.5,15.2,-0.8
2006,1,21,7.1,12,3.3
2006,1,22,12,14,2.4
2006,1,23,29.3,14.2,0.8
2006,1,24,8.5,12,0
2006,1,25,2.4,13.1,0.1
2006,1,26,23,13.6,3
2006,1,27,34.3,13.4,1.6
2006,1,28,16.2,14.2,-0.4
2006,1,29,13,14.8,0.4
2006,1,30,13.9,14.8,0.2
2006,1,31,0.3,16.2,0.7
2006,2,1,11.6,15.2,4
2006,2,2,0,16.2,3
2006,2,3,12.6,16.4,4
2006,2,4,6.7,14.9,2.6
2006,2,5,0.6,15.5,1.8
2006,2,6,7.1,14.8,2.8
2006,2,7,14.4,14.2,2.6
2006,2,8,5.4,15.4,0
2006,2,9,11.5,14.8,3.3
2006,2,10,7.2,12.9,0.6
2006,2,11,15,14.6,3.2
2006,2,12,0,14.6,2.2
2006,2,13,0,14.2,0.2
2006,2,14,0,15.2,-0.4
2006,2,15,0,15.9,-1.8
2006,2,16,0,16.3,-1.4
2006,2,17,0.9,15.8,-0.1
2006,2,18,6.2,15.6,0.3
2006,2,19,0.5,14.4,0.4
2006,2,20,0.8,14.6,1.6
2006,2,21,4.6,14.8,3.6
2006,2,22,3.3,16.2,2.6
2006,2,23,0.8,16.8,0.8
2006,2,24,2.5,17.4,2.2
2006,2,25,1.8,17.3,0.8
2006,2,26,1.7,14.8,0.8
2006,2,27,8.6,15.4,2.8
2006,2,28,35.5,14.2,2.5
2006,3,1,13.2,12.5,0
2006,3,2,6,15.3,2
2006,3,3,3.9,15.2,2.2
2006,3,4,9.3,15.1,3.2
2006,3,5,15,14.2,3.3
2006,3,6,2.5,15.6,1.7
2006,3,7,0.1,16.4,2
2006,3,8,0,17.2,0.6
2006,3,9,0,17,0.3
2006,3,10,0,16.8,0.6
2006,3,11,4,15.4,0.7
2006,3,12,0.05,16.2,-0.4
2006,3,13,0,15.8,0.3
2006,3,14,3.1,14,-1.3
2006,3,15,15.6,14.8,2.6
2006,3,16,8.9,15,-0.1
2006,3,17,0.9,12.2,1.3
2006,3,18,10.6,12.3,2.2
2006,3,19,0.05,17.8,1
2006,3,20,14.1,13.6,2.6
2006,3,21,10.7,14,0.2
2006,3,22,8.2,13.4,2
2006,3,23,5.6,12.6,2.6
2006,3,24,23.6,14.2,2.6
2006,3,25,0,14.6,0
2006,3,26,6.6,13.6,2.9
2006,3,27,17.3,15.3,2.4
2006,3,28,0,15.2,1.1
2006,3,29,6.5,14.3,3.2
2006,3,30,7.6,13.5,1.3
2006,3,31,13.2,12.6,2.3
2006,4,1,0,12.8,3.8
2006,4,2,4.2,13.4,3.4
2006,4,3,0,14.9,2.8
2006,4,4,0.3,16.4,0.4
2006,4,5,5.9,15,1.2
2006,4,6,0.6,14.8,3.4
2006,4,7,0,15.2,1.4
2006,4,8,3.5,15.4,0.8
2006,4,9,1.4,16.4,0.1
2006,4,10,0,14.6,0.2
2006,4,11,0,15.2,1.2
2006,4,12,10,14.6,0.9
2006,4,13,1.6,11.3,0
2006,4,14,0.6,13,1.6
2006,4,15,0.2,11.6,1.5
2006,4,16,9.5,11,-99.9
2006,4,17,6.4,15.1,1.8
2006,4,18,0,15.6,-0.4
2006,4,19,0,15.8,-2
2006,4,20,0,15.6,-3.8
2006,4,21,0,14.9,-3.2
2006,4,22,0,15.2,-2.7
2006,4,23,0,14.4,-2.8
2006,4,24,0,14.3,-1.8
2006,4,25,0,14.6,-2.4
2006,4,26,1.3,15.2,1
2006,4,27,0.1,14.4,-1.3
2006,4,28,3.7,15.6,-1.2
2006,4,29,8.8,14.2,-1.1
2006,4,30,0,14.2,0
2006,5,1,0,13.6,0
2006,5,2,0,14.2,-1.8
2006,5,3,0,14,-2.8
2006,5,4,1.3,14.2,-1.8
2006,5,5,0,13.8,-0.2
2006,5,6,0,14.2,-4.4
2006,5,7,0,14.8,-6.2
2006,5,8,0,15.3,-5.2
2006,5,9,0,15.4,-4.6
2006,5,10,0,14.8,-7.4
2006,5,11,0,15.6,-6.8
2006,5,12,0,15.4,-6.4
2006,5,13,0,15.6,-5.8
2006,5,14,0,15.2,-5.2
2006,5,15,0,15.4,-5
2006,5,16,0,15.6,-5.4
2006,5,17,0,15.6,-7.2
2006,5,18,0,16.2,-6.5
2006,5,19,0,15.2,-9
2006,5,20,0,15,-10.6
2006,5,21,0,14.2,-10
2006,5,22,0,14.4,-9.8
2006,5,23,0,14.8,-9.3
2006,5,24,0,15.2,-8.9
2006,5,25,0,15.4,-8.6
2006,5,26,0,15.6,-7
2006,5,27,0,14.8,-8.4
2006,5,28,0,13.6,-8.8
2006,5,29,0,13.8,-8.6
2006,5,30,0,13.6,-5.8
2006,5,31,0,13.8,-7.2
2006,6,1,1.8,10.4,-3.6
2006,6,2,0,15,-3.8
2006,6,3,0,14.2,-8.2
2006,6,4,0,14.8,-11.4
2006,6,5,0,14.8,-9.6
2006,6,6,0,13.6,-11.2
2006,6,7,0,14.4,-7.8
2006,6,8,0,14.8,-6.4
2006,6,9,0,15.2,-7.5
2006,6,10,0,13.3,-7.8
2006,6,11,0,15,-7.8
2006,6,12,0,15.4,-6.6
2006,6,13,0,15.2,-7.6
2006,6,14,0,14.8,-9
2006,6,15,0,14.4,-9.8
2006,6,16,0,14.2,-10.2
2006,6,17,0,15.4,-9.8
2006,6,18,0,14.6,-10.4
2006,6,19,0,14.8,-8.1
2006,6,20,0,14.6,-9.4
2006,6,21,0,14.7,-8.6
2006,6,22,0,14,-7.4
2006,6,23,3.1,13.6,-7
2006,6,24,0,10.4,-3.2
2006,6,25,0,12.8,-9.8
2006,6,26,0,12.2,-8.2
2006,6,27,0,12.4,-4.2
2006,6,28,0,14.2,-8.2
2006,6,29,0,14.8,-9
2006,6,30,0,16.2,-9.2
2006,7,1,0,15.6,-10
2006,7,2,0,15.4,-10
2006,7,3,0,14.2,-10.2
2006,7,4,0,14.6,-10.6
2006,7,5,0,13.6,-10
2006,7,6,0,13.8,-10.4
2006,7,7,0,13.6,-10.6
2006,7,8,0,13.4,-10.6
2006,7,9,0,13.4,-11.6
2006,7,10,0,14.8,-8.8
2006,7,11,0,14.2,-9.4
2006,7,12,0,13.8,-10.2
2006,7,13,0,13.6,-10
2006,7,14,0,13.6,-8.2
2006,7,15,0,13.8,-8.6
2006,7,16,0,14.8,-8.8
2006,7,17,0,14.4,-9
2006,7,18,0,14.6,-9.2
2006,7,19,0,13.6,-9.9
2006,7,20,0,14.4,-11.2
2006,7,21,0,14.2,-11.6
2006,7,22,0,15.2,-11.1
2006,7,23,0,15.3,-11.3
2006,7,24,0,15.6,-10.1
2006,7,25,0,14.2,-9.6
2006,7,26,0,15.3,-10.2
2006,7,27,0,16.2,-9.1
2006,7,28,0,14.5,-4.5
2006,7,29,0,14.9,-7
2006,7,30,0,16,-7.6
2006,7,31,0,15.8,-6.4
2006,8,1,0,16,-8.2
2006,8,2,0,14.8,-6.6
2006,8,3,0,15.6,-7.3
2006,8,4,0,16.2,-7.8
2006,8,5,0,16,-4.8
2006,8,6,0.05,14.6,-4.2
2006,8,7,0,15.2,-8.8
2006,8,8,0,14.6,-10
2006,8,9,0,14.4,-11
2006,8,10,0,14,-8.4
2006,8,11,0.2,13.2,-2.8
2006,8,12,0,13,-3.2
2006,8,13,0,14.8,-5.8
2006,8,14,0,15,-6.6
2006,8,15,0.6,15.6,-6.8
2006,8,16,0,15.5,-4.6
2006,8,17,0,16.2,-7.2
2006,8,18,0,15.3,-8.8
2006,8,19,0,14.9,-5.2
2006,8,20,0,14.2,-6.3
2006,8,21,0,14.2,-2.4
2006,8,22,0,16.2,-5.6
2006,8,23,0,14.6,-3.9
2006,8,24,0,15.2,-5
2006,8,25,0,16.8,-7.8
2006,8,26,0,16.3,-11.3
2006,8,27,0,17.6,-8
2006,8,28,0,16.6,-6.8
2006,8,29,0,15.6,-2.6
2006,8,30,0,17,-4.1
2006,8,31,0,17.6,-10.4
2006,9,1,0,17.4,-11.2
2006,9,2,0,18,-12
2006,9,3,0,17,-9.6
2006,9,4,0,17,-11.2
2006,9,5,0,17.6,-9.2
2006,9,6,0,15.4,-8.3
2006,9,7,0,15.2,-5.8
2006,9,8,0,14.6,-7.4
2006,9,9,0,15.2,-14.2
2006,9,10,0,16,-12.4
2006,9,11,0,17.3,-10.8
2006,9,12,0,17.9,-9.2
2006,9,13,0,18.8,-8.6
2006,9,14,0,17.2,-8
2006,9,15,0,16,-3.6
2006,9,16,0,15,-2.8
2006,9,17,7.7,16.6,-2
2006,9,18,0.4,13.2,0.4
2006,9,19,0,17.8,-2.1
2006,9,20,0.6,17.2,-0.8
2006,9,21,0,17.3,-6.6
2006,9,22,0,16.2,-8.9
2006,9,23,0,16.3,-10.8
2006,9,24,0,16.6,-8
2006,9,25,9.1,13.4,-3.9
2006,9,26,0.05,11.6,-0.9
2006,9,27,0.4,14.2,1.2
2006,9,28,0.4,10.2,0
2006,9,29,0,16.1,-2.3
2006,9,30,0,18.2,-5.6
2006,10,1,0,17.4,-5.6
2006,10,2,0,16.6,-4.2
2006,10,3,0,17.7,-5.5
2006,10,4,0,17.8,-8.4
2006,10,5,0,17.1,-6.9
2006,10,6,0,17.2,-4.3
2006,10,7,0,17.8,-6.4
2006,10,8,0,18.1,-5.2
2006,10,9,0.5,18.4,-5.8
2006,10,10,0,17.2,-3.3
2006,10,11,0,16.6,-2.8
2006,10,12,0,18.8,-3.7
2006,10,13,0,18.2,-6.6
2006,10,14,0,18,-7.4
2006,10,15,0,19,-7.6
2006,10,16,1.5,16.2,-4.4
2006,10,17,0,17.2,1.6
2006,10,18,0,18.2,-6.4
2006,10,19,0,19.2,-6.8
2006,10,20,0.9,17.1,-2.2
2006,10,21,37.5,16.6,1.2
2006,10,22,0,14.8,-0.2
2006,10,23,0.6,15,2.2
2006,10,24,5.5,15.6,0.6
2006,10,25,0,15.2,-0.4
2006,10,26,10.1,15.8,-0.4
2006,10,27,1.7,15.2,0
2006,10,28,4.6,17.2,0.8
2006,10,29,0,17.8,0.2
2006,10,30,0.2,17.5,0.4
2006,10,31,0,18.4,-2.7
2006,11,1,0,19.2,-2.8
2006,11,2,0,20.2,-2.6
2006,11,3,5.3,16.7,-1.4
2006,11,4,17.5,15.7,1.8
2006,11,5,0,15,-0.2
2006,11,6,4,17.1,-1
2006,11,7,15.7,15,1.8
2006,11,8,4.7,13.4,-0.4
2006,11,9,3,16.4,2.2
2006,11,10,5,13.6,0
2006,11,11,0.2,16.8,-1.6
2006,11,12,0,16.9,-0.6
2006,11,13,0,18.8,-0.6
2006,11,14,0,18.2,-1.8
2006,11,15,0,18.4,-1.9
2006,11,16,0,17.3,-2.4
2006,11,17,6.3,14.8,-99.9
2006,11,18,12.2,16,1.6
2006,11,19,1.2,12.1,0.4
2006,11,20,6.3,13.8,2
2006,11,21,5.5,16.2,0.2
2006,11,22,0.2,16.2,2.2
2006,11,23,0.7,14.6,2
2006,11,24,1.5,16.8,-0.8
2006,11,25,0.2,15.8,2.3
2006,11,26,2.5,16.8,1.8
2006,11,27,0,16.2,1
2006,11,28,0,16.7,-4.6
2006,11,29,1.1,18.2,-2
2006,11,30,0.05,13.4,-3.1
2006,12,1,0,18.2,-1.8
2006,12,2,0,18.4,-4.2
2006,12,3,0,18.2,-3.7
2006,12,4,0,18.6,-0.6
2006,12,5,0.7,17,-2
2006,12,6,0.2,18.6,-0.6
2006,12,7,0.3,16.9,3.1
2006,12,8,0,17.3,-1.7
2006,12,9,0,18.7,-5.8
2006,12,10,0,19.6,-5.6
2006,12,11,0,19.2,-3.2
2006,12,12,0,19.4,-5
2006,12,13,0,20.2,-4.8
2006,12,14,0,19,-2.3
2006,12,15,5.3,17.2,-0.2
2006,12,16,13.8,11.2,2.4
2006,12,17,0.5,15.4,3
2006,12,18,16.9,17,3.6
2006,12,19,4.5,14.2,1.9
2006,12,20,5.1,14,3.6
2006,12,21,11.9,16.8,2
2006,12,22,1,16.6,3
2006,12,23,0,18.7,0.6
2006,12,24,0,18.2,-0.8
2006,12,25,0,17.8,-2.8
2006,12,26,2.7,14.9,-1.6
2006,12,27,14,16,0
2006,12,28,7.3,14.6,2.4
2006,12,29,1.1,14.8,0.2
2006,12,30,0,17.3,-0.5
2006,12,31,20.6,14.6,2.1
2007,1,1,5.1,12.6,0
2007,1,2,4.2,10.7,3.1
2007,1,3,26.3,14.8,2.3
2007,1,4,9.8,14.2,2.7
2007,1,5,6,15.4,2.4
2007,1,6,21.5,15.4,2.6
2007,1,7,5.3,13.2,1.4
2007,1,8,12.6,12.4,2.6
2007,1,9,13.5,12,0.2
2007,1,10,11,12.2,0.4
2007,1,11,8,12.8,2.8
2007,1,12,22,16,2.6
2007,1,13,7.8,12.2,1.8
2007,1,14,12.4,15.4,4.2
2007,1,15,11.6,14.8,2.4
2007,1,16,0,14.8,2.2
2007,1,17,0,17,0.6
2007,1,18,0.05,17,1.8
2007,1,19,0.3,16.9,1.2
2007,1,20,0.2,16.8,-0.4
2007,1,21,0,15.8,0.6
2007,1,22,4.9,16.4,0.8
2007,1,23,0.5,13.6,2.2
2007,1,24,0,16,-1.2
2007,1,25,0,17.2,-2
2007,1,26,0,18.4,-2.6
2007,1,27,0.3,18,0.8
2007,1,28,0,19.1,-0.8
2007,1,29,0,19.4,-1.1
2007,1,30,10,16,-0.8
2007,1,31,0,14.6,0.2
2007,2,1,0,16.6,0.3
2007,2,2,1.4,18.8,-0.2
2007,2,3,0.2,17.6,2.4
2007,2,4,3.1,19.4,0.3
2007,2,5,0,17.8,2.8
2007,2,6,18.6,15.2,2.6
2007,2,7,3.5,16.4,1.4
2007,2,8,8.4,13,2.6
2007,2,9,12,12.6,3.6
2007,2,10,7.1,13,2.6
2007,2,11,15.8,14.6,2.4
2007,2,12,14.4,16.2,2.8
2007,2,13,6.7,11.2,2.6
2007,2,14,0.3,14.6,2.8
2007,2,15,0,12.3,0.2
2007,2,16,0,12.5,-0.8
2007,2,17,0,15,-2.4
2007,2,18,0.9,15.2,-0.2
2007,2,19,0,14.4,0
2007,2,20,24.6,16.2,-2.6
2007,2,21,7.8,14.3,-1.6
2007,2,22,6.3,15,1.5
2007,2,23,3.5,14.6,1.2
2007,2,24,4.8,14.9,1.4
2007,2,25,5.4,11.6,3.8
2007,2,26,2.9,15,1.6
2007,2,27,0.6,15.3,2.2
2007,2,28,3.1,15.8,3.6
2007,3,1,1,13.2,3.3
2007,3,2,13.1,11.8,3.8
2007,3,3,7.2,13.6,0.2
2007,3,4,0.2,12.6,3.2
2007,3,5,9.2,13.8,3.5
2007,3,6,26.1,13.7,3.3
2007,3,7,1.3,13.8,-0.2
2007,3,8,6.1,10.6,3.4
2007,3,9,2.3,14.8,2.4
2007,3,10,0.3,15.8,0
2007,3,11,0,16.6,-0.6
2007,3,12,8.2,15.2,1.8
2007,3,13,2.7,12.8,1.2
2007,3,14,3.2,14.2,2.6
2007,3,15,13.6,13.4,3.4
2007,3,16,2.5,12.4,1.6
2007,3,17,3,13.1,2.6
2007,3,18,12.5,15,-99.9
2007,3,19,2,11,2.4
2007,3,20,6.3,12.6,3.2
2007,3,21,3.5,15.7,0.2
2007,3,22,0,15.1,0
2007,3,23,0,15.2,-0.8
2007,3,24,0,15,0
2007,3,25,10.1,15.2,1.4
2007,3,26,7.7,15.8,1.3
2007,3,27,10.6,13.2,3.4
2007,3,28,1.7,13.4,2.2
2007,3,29,6.5,11.8,2.4
2007,3,30,0,15.3,2.4
2007,3,31,0,12.6,3.4
2007,4,1,3.4,12.1,1.4
2007,4,2,2.7,13,3
2007,4,3,0,13.6,2.4
2007,4,4,2,15,2.8
2007,4,5,1.4,15,-0.3
2007,4,6,0.05,12.8,0.2
2007,4,7,0,16.2,0.3
2007,4,8,0,16.6,-0.8
2007,4,9,0,14.2,0
2007,4,10,0,14.4,1.2
2007,4,11,0.4,13.8,1.6
2007,4,12,3.6,14,-0.6
2007,4,13,0.8,12.4,0
2007,4,14,2.4,13.8,1.2
2007,4,15,0,14.8,1.4
2007,4,16,2.9,16,2.3
2007,4,17,0,15.6,0
2007,4,18,0,15.4,-1.4
2007,4,19,0,14.2,-1.2
2007,4,20,0,16,-0.8
2007,4,21,0,14.6,-2.4
2007,4,22,0,16.4,-2.2
2007,4,23,1.6,14.4,-1.6
2007,4,24,2.4,15.4,-0.6
2007,4,25,2.8,14,0
2007,4,26,8.2,12.8,0.9
2007,4,27,1.1,13.4,1.4
2007,4,28,0,14.2,2.6
2007,4,29,0.4,14.6,2
2007,4,30,0,14,2.3
2007,5,1,3,14.6,-1.8
2007,5,2,1.8,14.3,-0.4
2007,5,3,0,15,0.5
2007,5,4,0,14.6,2.4
2007,5,5,0.2,13.9,-0.6
2007,5,6,0.6,13,-0.4
2007,5,7,1.9,12.4,0.6
2007,5,8,2.1,12.2,-0.4
2007,5,9,0,11.4,0.2
2007,5,10,0,15.4,-1.4
2007,5,11,0,15.2,-3.6
2007,5,12,1.3,14.4,-2.6
2007,5,13,0,14.6,-2
2007,5,14,0,15.6,-1.6
2007,5,15,0,15.7,-3.7
2007,5,16,0.3,14.8,-3.7
2007,5,17,0,15.2,-4.3
2007,5,18,0,15,-6.8
2007,5,19,0,16.4,-5.6
2007,5,20,0,15,-4.6
2007,5,21,0,13.8,-7.4
2007,5,22,0,14.6,-8.4
2007,5,23,0,14,-9.4
2007,5,24,0,15.1,-6.4
2007,5,25,0,16.2,-6.6
2007,5,26,0,15,-7.3
2007,5,27,0,14.8,-7.8
2007,5,28,0,13.8,-6.7
2007,5,29,0,15.3,-5.4
2007,5,30,0,14.4,-7.4
2007,5,31,0,15.4,-8.8
2007,6,1,0,14.8,-7
2007,6,2,0,14.6,-5.2
2007,6,3,0,14.4,-5.4
2007,6,4,0,14.6,-1.6
2007,6,5,0,15.4,-5.9
2007,6,6,0,15.8,-6.6
2007,6,7,0,16,-6.1
2007,6,8,0,14.8,-6
2007,6,9,0,15.2,-7.6
2007,6,10,0,14.6,-8
2007,6,11,0,14.2,-8.2
2007,6,12,0,14.6,-8.3
2007,6,13,0,14.2,-8.4
2007,6,14,0,15.6,-7.8
2007,6,15,0,16.2,-8.2
2007,6,16,0,14.4,-8.6
2007,6,17,0,15.4,-7.2
2007,6,18,0,15.2,-6.8
2007,6,19,0,12.6,-5.8
2007,6,20,0,14.5,-4.7
2007,6,21,0,14.6,-7
2007,6,22,0,15.2,-7
2007,6,23,0,14.2,-6.8
2007,6,24,0,12.2,-4.7
2007,6,25,0,14.4,-5.4
2007,6,26,0.05,15,-7.2
2007,6,27,0,15.4,-7.8
2007,6,28,0,15.2,-8.2
2007,6,29,0,15.2,-9
2007,6,30,0,16,-7.3
2007,7,1,0,15.2,-8
2007,7,2,0,15.4,-7.8
2007,7,3,0,15,-8.2
2007,7,4,0,15.6,-9.6
2007,7,5,0,13.4,-8.8
2007,7,6,0,14.6,-9.4
2007,7,7,0,12.8,-6.9
2007,7,8,2.3,13.8,-2.8
2007,7,9,0.3,-99.9,-2
2007,7,10,0.5,11,-5.4
2007,7,11,0,10.6,-4.4
2007,7,12,0,13.6,-6.2
2007,7,13,0,13.8,-7.2
2007,7,14,0,13.8,-7.8
2007,7,15,0,14.2,-7.2
2007,7,16,0,14.3,-8.4
2007,7,17,0,15.4,-9.8
2007,7,18,0,15,-10
2007,7,19,0,14.9,-8.5
2007,7,20,0,15.2,-7.1
2007,7,21,0,15,-7.4
2007,7,22,0,15.8,-9.6
2007,7,23,0,15,-10.8
2007,7,24,0,14.2,-12.4
2007,7,25,0,14.8,-13.4
2007,7,26,0,14.2,-10.3
2007,7,27,0,14.8,-11
2007,7,28,0,13.2,-6.4
2007,7,29,0,14.2,-7
2007,7,30,0,14.4,-9.4
2007,7,31,0,14.8,-7.3
2007,8,1,0,15.2,-10.8
2007,8,2,0,15.3,-11.5
2007,8,3,0,14.4,-8.8
2007,8,4,0,14.2,-8.6
2007,8,5,0,14.4,-8.5
2007,8,6,0,16.6,-8.6
2007,8,7,0,15.3,-9
2007,8,8,0,15.2,-9.2
2007,8,9,0,17.2,-8
2007,8,10,0,16.6,-8.5
2007,8,11,0,15.6,-5.2
2007,8,12,0,15.6,-5.8
2007,8,13,0,17.2,-5.8
2007,8,14,0,16.8,-6.8
2007,8,15,0,16,-7.4
2007,8,16,0,15.6,-8
2007,8,17,0,15.4,-8.2
2007,8,18,0,17.2,-8.4
2007,8,19,0,17,-8.8
2007,8,20,0,16,-7.4
2007,8,21,0,16.8,-6.8
2007,8,22,0,17.4,-6.6
2007,8,23,0,18.3,-6.4
2007,8,24,0,17.4,-7.6
2007,8,25,0,19.2,-8.6
2007,8,26,0,18.4,-10.1
2007,8,27,0,18.1,-6.1
2007,8,28,0,17.5,-5.2
2007,8,29,0,17.2,-8.8
2007,8,30,0,16.2,-0.4
2007,8,31,0,15.4,-2.2
2007,9,1,0,15.7,-3.4
2007,9,2,0,16.8,-4.8
2007,9,3,0,14.9,-5.4
2007,9,4,0,14,-6.4
2007,9,5,0,15.6,-7.3
2007,9,6,0,14.2,-3.4
2007,9,7,0,14.4,-2.2
2007,9,8,0,15.4,-2.1
2007,9,9,0.7,12.6,-6.2
2007,9,10,1.1,12.2,-0.8
2007,9,11,4.4,14.4,-1.6
2007,9,12,0,14.8,-0.2
2007,9,13,0,16.2,-1.6
2007,9,14,0,15.8,-5.2
2007,9,15,0,15.4,-1.4
2007,9,16,0,14,-2.1
2007,9,17,0,14.2,-4.4
2007,9,18,0,17,-5.2
2007,9,19,2.2,13.4,-0.8
2007,9,20,0,14.6,-1
2007,9,21,0,16.2,-6.2
2007,9,22,0,14.4,0.6
2007,9,23,0,16.2,-4
2007,9,24,1.2,16.2,-2.2
2007,9,25,0,15.2,0.2
2007,9,26,3.3,14.2,0.9
2007,9,27,0,15,-1
2007,9,28,0.1,16.6,-2.6
2007,9,29,0.2,16.2,-0.8
2007,9,30,0,16.6,1.6
2007,10,1,0,17.8,-5.2
2007,10,2,0,18,-4.6
2007,10,3,0,18.2,-3.8
2007,10,4,0,18.8,-4.2
2007,10,5,0,18.5,-5.8
2007,10,6,0,18.2,-6.8
2007,10,7,0,16.4,-2
2007,10,8,0,16.2,-0.8
2007,10,9,0,18,-5.2
2007,10,10,0,17.6,-4.4
2007,10,11,0,18.6,-2
2007,10,12,0,17.4,-9
2007,10,13,0,17.8,-5.4
2007,10,14,0,17.7,-6.4
2007,10,15,0,16.6,-6.8
2007,10,16,0,14.8,-2.6
2007,10,17,0,13.2,0.2
2007,10,18,0,17.2,-4.8
2007,10,19,0,19.4,-5.2
2007,10,20,0,16.8,-5.8
2007,10,21,0,18.4,-4.4
2007,10,22,0,19.8,-4.2
2007,10,23,0,19.4,-7
2007,10,24,0,15.8,-3.2
2007,10,25,0,19.6,-4.4
2007,10,26,0,20.2,-4.2
2007,10,27,0,-99.9,-6.4
2007,10,28,10.5,18.6,-1.6
2007,10,29,7.9,14,0
2007,10,30,0.3,14.2,-0.2
2007,10,31,0,15.8,-1.2
2007,11,1,0,17.6,-3.2
2007,11,2,0,19.6,-6.4
2007,11,3,0,19,-7
2007,11,4,0,20,-8.4
2007,11,5,0,19.8,-5.8
2007,11,6,0,19.6,-7.4
2007,11,7,0,20,-6.2
2007,11,8,0,18.4,-10
2007,11,9,0,19.4,-8.2
2007,11,10,0,18.6,-9.8
2007,11,11,0,19.8,-9.6
2007,11,12,0,18.6,-8
2007,11,13,0,18.8,-8.2
2007,11,14,0,18.4,-4.5
2007,11,15,0.05,18.6,1.2
2007,11,16,0,15,0.6
2007,11,17,12.5,16.6,0.8
2007,11,18,1.1,16,-1.3
2007,11,19,17.2,17.4,1.6
2007,11,20,5,13.8,0.1
2007,11,21,14.4,11.8,2.6
2007,11,22,17.9,13.2,1.6
2007,11,23,1.4,15.4,1
2007,11,24,0,16,0
2007,11,25,0,17.6,-1.2
2007,11,26,0,18.4,-0.8
2007,11,27,0,17.8,-1.8
2007,11,28,0,17.6,-1.2
2007,11,29,0,18.4,-2.1
2007,11,30,0,18.2,-4.2
2007,12,1,0.2,16.4,1.8
2007,12,2,0,16.6,2
2007,12,3,0,16.4,-2
2007,12,4,0,17.4,-5
2007,12,5,0,17.6,-7.2
2007,12,6,0,17.5,-5.8
2007,12,7,0,18.2,-6
2007,12,8,0.05,17.6,0
2007,12,9,0,17,-2.2
2007,12,10,0,18.6,-6.8
2007,12,11,0,19.4,-6.2
2007,12,12,3.8,14.2,0.8
2007,12,13,1,16.4,1.3
2007,12,14,21.8,15.6,0
2007,12,15,4.7,15.2,-1.4
2007,12,16,5.2,9.8,0.8
2007,12,17,4.9,14,2.2
2007,12,18,18.5,15,0.6
2007,12,19,12.8,13,0
2007,12,20,3.2,15.4,0.9
2007,12,21,3,16,0.6
2007,12,22,15.8,14.2,-0.3
2007,12,23,8.2,16.4,0
2007,12,24,0.2,16.2,0.2
2007,12,25,0,17,-0.4
2007,12,26,0,17.2,-1.8
2007,12,27,0,14.6,-0.8
2007,12,28,0.4,15.6,-0.6
2007,12,29,16.2,14,1.2
2007,12,30,13.2,16.4,-1.8
2007,12,31,1.2,15.2,-0.1
2008,1,1,12.4,16.4,1.8
2008,1,2,11.3,11.7,-0.1
2008,1,3,9.5,13.3,1.4
2008,1,4,0.6,12.6,1.6
2008,1,5,12.9,13.5,2.6
2008,1,6,8.3,13,0
2008,1,7,2,14.4,3
2008,1,8,0.1,12.1,2.6
2008,1,9,0.9,12.6,1.8
2008,1,10,0.05,12.2,3
2008,1,11,5.1,13.2,2.8
2008,1,12,0.3,14.2,3
2008,1,13,11.6,11.8,4.4
2008,1,14,13.2,11,0.8
2008,1,15,11.1,12.4,1.8
2008,1,16,0,15.8,1.2
2008,1,17,13.6,11,1.4
2008,1,18,0.2,14.8,1.8
2008,1,19,22.6,11.4,-99.9
2008,1,20,4.3,14.4,-0.4
2008,1,21,1,16,2.2
2008,1,22,1.5,13,1.6
2008,1,23,11.1,14.4,2.2
2008,1,24,34.3,13.2,1.6
2008,1,25,7.7,15.8,0
2008,1,26,0,15.2,2
2008,1,27,6.2,15.6,3
2008,1,28,3.5,14.2,3.2
2008,1,29,14.9,16.2,1.4
2008,1,30,1.9,14,2.2
2008,1,31,0,12.4,1.6
2008,2,1,0,15,-1.4
2008,2,2,0.7,15.8,0.4
2008,2,3,9.1,15.2,3
2008,2,4,2.4,14.1,1.2
2008,2,5,5.8,14.8,2.2
2008,2,6,0.8,15,1.8
2008,2,7,2.1,15.8,1.2
2008,2,8,0.5,16.2,0.4
2008,2,9,4.3,16.4,0.1
2008,2,10,0,17,-0.6
2008,2,11,3.2,15,0
2008,2,12,4.6,15.5,0.4
2008,2,13,16.9,15,1.2
2008,2,14,0.05,14.8,0.8
2008,2,15,0,14.2,0.4
2008,2,16,0.6,12.2,-1.6
2008,2,17,13.6,13.4,-0.2
2008,2,18,2.2,14.8,-0.4
2008,2,19,2.3,14,0.4
2008,2,20,4.7,14.4,0.4
2008,2,21,11.8,11.6,2
2008,2,22,20.2,14.2,-99.9
2008,2,23,2.8,14.8,0
2008,2,24,1.4,12.8,1.2
2008,2,25,21.6,13.9,4
2008,2,26,7.8,-99.9,0.2
2008,2,27,5.2,10.4,3
2008,2,28,3.3,11.8,3.4
2008,2,29,1,14.2,2.4
2008,3,1,0,15.8,0
2008,3,2,1.6,13.6,1.2
2008,3,3,2.4,13.8,1.4
2008,3,4,4.7,16.6,0.9
2008,3,5,0,14.8,0.2
2008,3,6,0,15.4,-3
2008,3,7,11.7,14.5,0.2
2008,3,8,0.3,13,0.2
2008,3,9,3.6,14.6,-1.4
2008,3,10,20.3,13.4,1
2008,3,11,9.6,11.6,0.2
2008,3,12,0.5,13,2.3
2008,3,13,8,13.2,3.2
2008,3,14,0.2,15,1.6
2008,3,15,0,14,0.8
2008,3,16,0,16.4,-0.4
2008,3,17,0,15.8,-2
2008,3,18,0,14.6,-3.4
2008,3,19,0,15.4,-0.8
2008,3,20,0,14.9,-1.3
2008,3,21,0,15.4,-1.8
2008,3,22,9.3,14.8,-0.4
2008,3,23,3.1,14,0
2008,3,24,6.6,11.2,2
2008,3,25,0.2,15.2,0.4
2008,3,26,0,16.6,-1.1
2008,3,27,0,16.4,-0.3
2008,3,28,0.6,17,-0.4
2008,3,29,2.2,12,0.4
2008,3,30,0.2,14.2,-2.2
2008,3,31,0.05,13.6,-0.2
2008,4,1,0,14.4,-4.4
2008,4,2,0,17.2,-4.8
2008,4,3,0,15.1,0.9
2008,4,4,0,15.2,-3
2008,4,5,0,14.4,-4.2
2008,4,6,0,15.6,-4
2008,4,7,0,16.2,-6.8
2008,4,8,0,17.4,-6.8
2008,4,9,0,16.2,-4.8
2008,4,10,0,16.4,-2.4
2008,4,11,0.6,16,-1.7
2008,4,12,0,16.8,-2.4
2008,4,13,0,16.6,-3
2008,4,14,0,15,-3
2008,4,15,0,14.6,-3.4
2008,4,16,0.05,16.1,-3.2
2008,4,17,0,16.2,-1.2
2008,4,18,0.6,16,-2
2008,4,19,0,16.8,-4.4
2008,4,20,0,16.7,-4.2
2008,4,21,0.5,13.9,-5
2008,4,22,0,14.6,-2.8
2008,4,23,0.7,13,-1.8
2008,4,24,0,16,-1.1
2008,4,25,0,14.8,-4.8
2008,4,26,0,16.8,-6.8
2008,4,27,0,16,-5.8
2008,4,28,0,15.6,-5
2008,4,29,0,15.4,-5.8
2008,4,30,0,17.6,-8.8
2008,5,1,0,16,-9.2
2008,5,2,0,16.8,-8.8
2008,5,3,0,17,-10.2
2008,5,4,0,16,-9.2
2008,5,5,0,16.6,-10.2
2008,5,6,0,16.4,-8.4
2008,5,7,0,16.2,-7
2008,5,8,0,15,-5.8
2008,5,9,0,15.4,-6.8
2008,5,10,0,11,-5.6
2008,5,11,0,8.6,-1.8
2008,5,12,0.9,11.8,-2
2008,5,13,0,10.4,-4.1
2008,5,14,0,14,-7.4
2008,5,15,0,14.8,-9
2008,5,16,0,15.4,-9.2
2008,5,17,0,15.5,-9.2
2008,5,18,0,16,-8.3
2008,5,19,0,16.6,-7.6
2008,5,20,0,17.6,-6.8
2008,5,21,0,16.4,-8.4
2008,5,22,0,16.8,-9
2008,5,23,0,16.2,-9.2
2008,5,24,0,15.4,-9.2
2008,5,25,0,15,-10
2008,5,26,0,14.2,-9.6
2008,5,27,0,14.8,-9.8
2008,5,28,0,15.2,-11.2
2008,5,29,0,14.4,-13
2008,5,30,0,16.2,-11.4
2008,5,31,0,13.8,-11
2008,6,1,0,12.8,-8.2
2008,6,2,0,15.3,-6.6
2008,6,3,0,15,-11.4
2008,6,4,0,15.6,-10.4
2008,6,5,0,15.8,-10.2
2008,6,6,0,13.8,-9.4
2008,6,7,0,15.4,-9.2
2008,6,8,0,15.1,-10.2
2008,6,9,0,15.3,-11.4
2008,6,10,0,13.6,-10.2
2008,6,11,0,13.2,-2.6
2008,6,12,0,13,-9.2
2008,6,13,0,14.4,-11.6
2008,6,14,0,14.8,-9
2008,6,15,0,11.8,-7.4
2008,6,16,0,14,-7
2008,6,17,0,16.2,-5.4
2008,6,18,0,16.4,-7
2008,6,19,0,15.8,-7.4
2008,6,20,0,16.8,-8.2
2008,6,21,0,15.8,-8.5
2008,6,22,0,15,-10.3
2008,6,23,0,15.2,-10.7
2008,6,24,0,15.2,-8.6
2008,6,25,0,15,-8.2
2008,6,26,0,15.1,-3.2
2008,6,27,0,14.8,-11
2008,6,28,0,14.5,-10.2
2008,6,29,0,14.4,-9.6
2008,6,30,0,14.8,-9.4
2008,7,1,0,14.4,-9.4
2008,7,2,0,15,-9.8
2008,7,3,0,14.8,-11
2008,7,4,0,15.3,-11.2
2008,7,5,0,16.2,-11
2008,7,6,0,15.6,-11.2
2008,7,7,0,16.2,-11.1
2008,7,8,0,14.2,-11.6
2008,7,9,0,14.8,-9
2008,7,10,0,14.4,-9.1
2008,7,11,0,15.1,-7.8
2008,7,12,0,14.2,-9.2
2008,7,13,0,14.8,-9.6
2008,7,14,0,14.2,-7.5
2008,7,15,0,15.2,-8.2
2008,7,16,0,15.4,-6.8
2008,7,17,0,15.2,-8.8
2008,7,18,0,14.6,-8.8
2008,7,19,0,15.4,-9.7
2008,7,20,0,13,-9.7
2008,7,21,0,12.2,-10.4
2008,7,22,0,15,-14.3
2008,7,23,0,15.2,-13
2008,7,24,0,14.8,-12.8
2008,7,25,0,14.6,-8.4
2008,7,26,0,15,-9
2008,7,27,0,15.6,-9.2
2008,7,28,0,14.1,-7.2
2008,7,29,0.8,13.4,-6.7
2008,7,30,0,14.2,-8.1
2008,7,31,0,13.8,-12.8
2008,8,1,0,13.6,-11.6
2008,8,2,0,15,-11.7
2008,8,3,0,14.8,-13.6
2008,8,4,0,16.2,-11.2
2008,8,5,0,14.5,-11
2008,8,6,0.05,13.8,-4.9
2008,8,7,0,-99.9,-3.6
2008,8,8,0,13.8,-1
2008,8,9,0,15.6,-7.3
2008,8,10,0,16,-8.2
2008,8,11,0,17.2,-8
2008,8,12,0,16.8,-9.8
2008,8,13,0,17.3,-10.4
2008,8,14,0,17,-13.9
2008,8,15,0,16.8,-11.4
2008,8,16,0,17,-12.1
2008,8,17,0,17.2,-13.2
2008,8,18,0,16.2,-11.3
2008,8,19,0,16.6,-7.4
2008,8,20,0,17.2,-7.7
2008,8,21,0,17.6,-8.4
2008,8,22,0,17.9,-7.2
2008,8,23,0,16.8,-6.6
2008,8,24,0,17.4,-8.2
2008,8,25,0,17,-7.8
2008,8,26,0,17.2,-8.2
2008,8,27,0,17.8,-8
2008,8,28,0,16.8,-9.8
2008,8,29,0,18.6,-7.8
2008,8,30,0,17.8,-12.8
2008,8,31,0,18.2,-10.6
2008,9,1,0,18.6,-8.4
2008,9,2,0,18.7,-6.8
2008,9,3,0,18.2,-7.6
2008,9,4,0,16,-8.8
2008,9,5,0,16.4,-8.7
2008,9,6,0,17.2,-10.6
2008,9,7,0,17.6,-9.3
2008,9,8,0,17.8,-9
2008,9,9,0,16.4,-5.4
2008,9,10,0,16,-6.4
2008,9,11,0,15.8,-6.3
2008,9,12,0,17.2,-9.4
2008,9,13,0,17.4,-12.1
2008,9,14,0,16.3,-10.2
2008,9,15,0,15.2,-6.2
2008,9,16,0,17.2,-8.8
2008,9,17,0,16.4,-10.6
2008,9,18,0,15.8,-11.8
2008,9,19,0,15.8,-9.6
2008,9,20,0,17.1,-7.2
2008,9,21,0,16.8,-9.6
2008,9,22,0,18,-9
2008,9,23,0,18.8,-8.1
2008,9,24,0,18.6,-9
2008,9,25,0,18.4,-8
2008,9,26,0,18,-8.1
2008,9,27,0.05,17.6,-3.4
2008,9,28,0.05,17.2,-1.1
2008,9,29,0,18.4,-5.2
2008,9,30,0,17.2,-2.8
2008,10,1,0,17.6,-3.2
2008,10,2,0,18.8,-4.6
2008,10,3,0,18.6,-4.2
2008,10,4,0,17.6,-7.1
2008,10,5,0,18.2,-7.3
2008,10,6,0,16,-8.4
2008,10,7,4.2,13.4,1.4
2008,10,8,3.3,12.2,1.2
2008,10,9,0,17.4,-0.4
2008,10,10,0,17.6,-5.2
2008,10,11,0,19.2,-7
2008,10,12,0,18.2,-5.4
2008,10,13,0,18,-3.3
2008,10,14,0,19.8,-0.4
2008,10,15,5.6,16.2,-2
2008,10,16,0.3,16.4,0
2008,10,17,0.8,14.3,1
2008,10,18,0,15,-0.9
2008,10,19,0,17.1,-6.6
2008,10,20,0,18.1,-8.2
2008,10,21,0,19.6,-6
2008,10,22,3.6,19.4,-5
2008,10,23,11.9,13.6,1.6
2008,10,24,2.7,14,0.3
2008,10,25,0,16.1,0
2008,10,26,0,18.2,-2.4
2008,10,27,0,15,-2.6
2008,10,28,0,17.8,0.1
2008,10,29,3.6,16.8,-0.8
2008,10,30,0,14.6,0
2008,10,31,0,17.8,-2.1
2008,11,1,0,18.6,-5.2
2008,11,2,0,17.6,-4
2008,11,3,0,17.4,2.2
2008,11,4,0,17.6,-0.4
2008,11,5,0,19.6,-1.9
2008,11,6,0,-99.9,-3
2008,11,7,0.5,19,-3.9
2008,11,8,0,17.8,-2.2
2008,11,9,0,19.6,-3.7
2008,11,10,0,-99.9,0.2
2008,11,11,0,18.6,-2.3
2008,11,12,0,-99.9,-6
2008,11,13,0,-99.9,-5.8
2008,11,14,2.3,16,-4.2
2008,11,15,1.5,15.8,0
2008,11,16,1.8,16.4,-1.2
2008,11,17,0,18,-4.2
2008,11,18,0,17.2,-5
2008,11,19,0,18.2,-4.2
2008,11,20,0,19.8,-0.6
2008,11,21,0.05,16.8,-5
2008,11,22,0,18.6,0
2008,11,23,0,19,-1.8
2008,11,24,0,18.3,-4
2008,11,25,0.8,16.8,0.4
2008,11,26,0,19.4,-5.4
2008,11,27,0,18.2,-4
2008,11,28,1.2,19,-2.6
2008,11,29,0,19.9,-3.8
2008,11,30,0,18.2,0.2
2008,12,1,2.6,15.4,-0.6
2008,12,2,0,17.4,0.8
2008,12,3,0,16.8,1.8
2008,12,4,0,16.6,-3.2
2008,12,5,0,19.2,-4
2008,12,6,9.1,18.2,1.3
2008,12,7,4.2,16.6,0
2008,12,8,16.4,11.8,0
2008,12,9,13,12.6,0.6
2008,12,10,1.3,14.8,-0.2
2008,12,11,0,16.8,0.4
2008,12,12,0,17.8,0.4
2008,12,13,3.8,18.4,-2
2008,12,14,10.3,15.2,3.8
2008,12,15,0,17.6,1
2008,12,16,0,18.4,-3.2
2008,12,17,7.9,16.4,-2
2008,12,18,16.2,15.2,1.6
2008,12,19,5.8,14.2,-0.2
2008,12,20,5.7,13.1,2.6
2008,12,21,0.05,15.8,0.9
2008,12,22,0.9,15.4,1
2008,12,23,2.6,13.8,4.1
2008,12,24,8.3,13.7,1.2
2008,12,25,0,16.4,1.2
2008,12,26,2.4,16.6,-0.1
2008,12,27,26,16,1.8
2008,12,28,0.05,12.6,-0.2
2008,12,29,0,15.4,-1.6
2008,12,30,4.2,15.8,0
2008,12,31,7.2,15.8,1.3
2009,1,1,10.8,13.2,1.8
2009,1,2,26.2,13.4,1.2
2009,1,3,2.8,12.6,0.4
2009,1,4,0,15.6,-1
2009,1,5,0,17.2,-2.2
2009,1,6,0,15.8,0.8
2009,1,7,0,14.3,2.3
2009,1,8,0,15.8,3
2009,1,9,5,16.8,-0.2
2009,1,10,1.8,14.4,0.2
2009,1,11,27,14.6,0.5
2009,1,12,0.5,13.2,0.7
2009,1,13,2.1,14.2,2.9
2009,1,14,0.8,15.6,2.4
2009,1,15,9.6,16,3.4
2009,1,16,0,15.8,1.2
2009,1,17,0,16.4,-0.6
2009,1,18,1.3,15.2,1.6
2009,1,19,3.6,14,2.8
2009,1,20,2.3,14.8,1.9
2009,1,21,0.05,15.2,0.6
2009,1,22,0,15.4,-0.8
2009,1,23,8.4,14.4,-0.2
2009,1,24,0,15.8,2.2
2009,1,25,4.5,15,-1
2009,1,26,0.8,13.6,0.4
2009,1,27,4.5,15.8,0.4
2009,1,28,6.3,13,1
2009,1,29,7.2,10.2,1.2
2009,1,30,0.2,14.8,0.2
2009,1,31,0,15.8,-0.2
2009,2,1,1,17,-0.6
2009,2,2,17.2,14.8,1.4
2009,2,3,8.7,12.9,1.6
2009,2,4,5.9,15.3,1.8
2009,2,5,3.1,15,1.5
2009,2,6,8.1,15.8,0.2
2009,2,7,0.7,16.6,3.4
2009,2,8,6.7,15,4.2
2009,2,9,7.7,11.2,3.1
2009,2,10,8.5,12.4,2.8
2009,2,11,2.6,14.2,2.9
2009,2,12,6.6,13.6,3.2
2009,2,13,0,13,3.8
2009,2,14,0.2,16.4,1.2
2009,2,15,0,16.2,2.2
2009,2,16,0,16,-2
2009,2,17,9.7,13.8,2.4
2009,2,18,3.4,13.8,1.6
2009,2,19,0.9,15,2.9
2009,2,20,7.1,15.3,1.9
2009,2,21,5.8,13.2,1
2009,2,22,2.8,14.2,0.4
2009,2,23,1.8,13.2,2.8
2009,2,24,4.9,12.6,2.8
2009,2,25,11.2,15,2.5
2009,2,26,19,14.2,0.6
2009,2,27,6.3,14.3,0.2
2009,2,28,21.3,14.6,1
2009,3,1,24.6,12.2,0.2
2009,3,2,1.1,12.6,-0.2
2009,3,3,0,13.2,2.8
2009,3,4,9.5,14.8,2.5
2009,3,5,15.5,13.3,3
2009,3,6,7.7,15,1.6
2009,3,7,0,15.5,3.2
2009,3,8,0,14.7,1.2
2009,3,9,0,14.2,2.2
2009,3,10,2.7,17,1.2
2009,3,11,0,15.6,-1
2009,3,12,0,15.2,-2.2
2009,3,13,1.7,16.4,-2.8
2009,3,14,24.9,13.6,1.6
2009,3,15,4.2,12.1,-0.1
2009,3,16,0,15.7,-1.6
2009,3,17,0.7,16.4,-1.8
2009,3,18,0.8,14.8,-0.8
2009,3,19,0.05,13.8,2.2
2009,3,20,5.3,13.3,1.6
2009,3,21,24.8,14,2.3
2009,3,22,2,12.1,2.2
2009,3,23,0.4,11.2,2.8
2009,3,24,0.05,15.6,2.6
2009,3,25,0,16.6,0.2
2009,3,26,0,13.8,0.4
2009,3,27,0,13.8,1.6
2009,3,28,4.6,15.4,0
2009,3,29,0,15.2,-0.4
2009,3,30,0,16.4,-3.2
2009,3,31,0,15.5,-2
2009,4,1,0,15.2,-2.2
2009,4,2,0,17,-0.8
2009,4,3,0,17.2,-2.5
2009,4,4,0,17.4,-2.8
2009,4,5,0,16.3,-2.6
2009,4,6,0,15,-0.2
2009,4,7,8.7,14.8,1.6
2009,4,8,29.2,13.6,1.8
2009,4,9,7.4,11.6,-0.2
2009,4,10,9.9,13,3
2009,4,11,2.4,12.8,0
2009,4,12,11.5,15,3.4
2009,4,13,0.8,15.6,3.3
2009,4,14,3.9,14.6,0.8
2009,4,15,0,13.2,1.2
2009,4,16,0,13.4,1.1
2009,4,17,0.2,14.4,-0.8
2009,4,18,0,15,-1.4
2009,4,19,0,15.2,-2.3
2009,4,20,0,14.6,-0.2
2009,4,21,0.1,12.8,3
2009,4,22,0,14,2.7
2009,4,23,0,15,-3
2009,4,24,0,15.6,-4
2009,4,25,0,15.7,-3.4
2009,4,26,0,14.2,-3.2
2009,4,27,0,16.2,-3.1
2009,4,28,0,16.6,-5.1
2009,4,29,0,15.4,-5.2
2009,4,30,0,14.6,-3.3
2009,5,1,0,13.8,-3.8
2009,5,2,0,14.2,-2.1
2009,5,3,0,15.7,-3.8
2009,5,4,0,15.1,-6
2009,5,5,0,15.2,-5.9
2009,5,6,0,15,-6.4
2009,5,7,0,14.8,-5.8
2009,5,8,0,14.6,-5.1
2009,5,9,0,16.2,-3.6
2009,5,10,0,14.2,-5.3
2009,5,11,10,14,-3.8
2009,5,12,0.5,10.6,-2.2
2009,5,13,0,15.4,-3.4
2009,5,14,0,15.2,-5.8
2009,5,15,0,15.6,-6.1
2009,5,16,0,15.2,-9.1
2009,5,17,0,14.8,-7.8
2009,5,18,0,14.4,-6.6
2009,5,19,0,14.2,-3.8
2009,5,20,0,13.8,-2.6
2009,5,21,0,15.8,-4.5
2009,5,22,0,15.3,-3.9
2009,5,23,0,15.6,-5.6
2009,5,24,0.4,13.4,-6.1
2009,5,25,0,15,-6.4
2009,5,26,0,15,-6.2
2009,5,27,0,15.8,-4.4
2009,5,28,0,14.6,-4
2009,5,29,0,14.2,-4.6
2009,5,30,0,14.9,-10
2009,5,31,0,14.8,-9.8
2009,6,1,0,15.8,-11.1
2009,6,2,0,15.4,-11
2009,6,3,0,15.1,-12.3
2009,6,4,0,15.4,-11.8
2009,6,5,0,15.2,-9.6
2009,6,6,0,15,-10
2009,6,7,0,15.4,-9.4
2009,6,8,0,15.8,-9.2
2009,6,9,0,16.3,-10.6
2009,6,10,0,14.6,-11.8
2009,6,11,0,14.8,-11.4
2009,6,12,0,13.8,-10.6
2009,6,13,0,13.2,-10.7
2009,6,14,0,14.8,-7.2
2009,6,15,0,13.8,-9.6
2009,6,16,0,14,-9.8
2009,6,17,0,14.1,-10.8
2009,6,18,0,13.5,-10.6
2009,6,19,0,14.2,-8.6
2009,6,20,0,14.9,-9.4
2009,6,21,0,15.4,-9.6
2009,6,22,0,14,-9.4
2009,6,23,0,15.2,-9.3
2009,6,24,0,14.6,-3
2009,6,25,0,14,-10.4
2009,6,26,0,14.6,-11.2
2009,6,27,0,14.8,-11.4
2009,6,28,0,15,-11
2009,6,29,0,16.2,-12.4
2009,6,30,0,15.2,-12.6
2009,7,1,0,15.6,-12.5
2009,7,2,0,15.2,-9.8
2009,7,3,0,15,-10.2
2009,7,4,0,14.6,-9.4
2009,7,5,0,14.4,-12
2009,7,6,0,14.2,-10.8
2009,7,7,0,15.2,-9.6
2009,7,8,0,14.8,-10.1
2009,7,9,0,14.4,-9.7
2009,7,10,0,15,-9.4
2009,7,11,0,15.2,-9
2009,7,12,0,14.6,-5.4
2009,7,13,0,12.4,-7.2
2009,7,14,0,14.6,-4.6
2009,7,15,0,17.6,-6.3
2009,7,16,0,15.8,-7.2
2009,7,17,0,14.2,-5.8
2009,7,18,0,14.8,-7.2
2009,7,19,0,15.2,-8.6
2009,7,20,0,12.4,-2.3
2009,7,21,0,12.6,-10.3
2009,7,22,0,14.2,-12
2009,7,23,0,13.8,-11.2
2009,7,24,0,14,-5.8
2009,7,25,3.2,12.2,-8.7
2009,7,26,7.1,9.2,-2.4
2009,7,27,0,9.4,-1.2
2009,7,28,0,12.2,-5.8
2009,7,29,0,12.8,-7.2
2009,7,30,0,14.2,-6.9
2009,7,31,0,15.4,-8.4
2009,8,1,0,15.6,-7.6
2009,8,2,0,15.2,-12
2009,8,3,0,16.6,-6.6
2009,8,4,0,16.8,-6.5
2009,8,5,0,16.2,-7.2
2009,8,6,0,15.8,-8.1
2009,8,7,0,13,-3.7
2009,8,8,0,13.4,-2.6
2009,8,9,0,13.8,-10.6
2009,8,10,0,14.4,-9.2
2009,8,11,0,14.6,-9
2009,8,12,0,14.4,-9.2
2009,8,13,0,15.6,-9.2
2009,8,14,0,15.6,-8.8
2009,8,15,0,16.6,-8.8
2009,8,16,0,14.9,-12
2009,8,17,0,16.6,-14.6
2009,8,18,0,17.2,-12.9
2009,8,19,0,16.3,-12.2
2009,8,20,0,17.2,-13.5
2009,8,21,0,15.2,-11.6
2009,8,22,0,14.4,-13.6
2009,8,23,0,14.4,-13.6
2009,8,24,0,15.8,-13
2009,8,25,0,15.8,-12.2
2009,8,26,0,17,-9.2
2009,8,27,0,16.6,-8.4
2009,8,28,0,15.8,-7.8
2009,8,29,0,15,-6.6
2009,8,30,0,16.2,-8.6
2009,8,31,0,15.4,-8.8
2009,9,1,0,16.4,-4.8
2009,9,2,0,10.2,-2.1
2009,9,3,0,16.2,-7.2
2009,9,4,0,17.4,-10.2
2009,9,5,0,17.1,-11.7
2009,9,6,0,17.8,-11.6
2009,9,7,0,17,-10.9
2009,9,8,0,18.8,-12.2
2009,9,9,0,18.4,-11.8
2009,9,10,0,18.8,-8.8
2009,9,11,0,16.8,-4.5
2009,9,12,0,19,-5.4
2009,9,13,0,-99.9,-5.8
2009,9,14,0,18.4,-5.9
2009,9,15,0,18,-0.4
2009,9,16,0,15.8,-5.4
2009,9,17,0,15.6,-2.2
2009,9,18,0,16.2,-5
2009,9,19,6.8,14.6,-3.8
2009,9,20,0,15.2,-4.4
2009,9,21,0,15.4,-3.2
2009,9,22,0,17,-6.9
2009,9,23,0,18.2,-9.6
2009,9,24,0,17.4,-6.8
2009,9,25,0.05,18.8,-6.6
2009,9,26,0,18.4,-4.8
2009,9,27,0.2,16.4,-5.4
2009,9,28,0,16.2,-3
2009,9,29,5,15.8,2.6
2009,9,30,0,17.1,1.9
2009,10,1,0,19,1.6
2009,10,2,0,17.4,-5.7
2009,10,3,0,18,-8.6
2009,10,4,0,18.4,-6.6
2009,10,5,0,19,-6.9
2009,10,6,0,18.8,-7
2009,10,7,0,18.2,-7.8
2009,10,8,0,19,-8.2
2009,10,9,0,20,-6
2009,10,10,0,19.9,-5.2
2009,10,11,0,19,-7.8
2009,10,12,0,19.2,-8.8
2009,10,13,0,19.4,-7.8
2009,10,14,0,18.8,-8.2
2009,10,15,0,19,-2
2009,10,16,0,20,-5
2009,10,17,0.05,17.4,-2.2
2009,10,18,0,19,-3.1
2009,10,19,0,16.8,0.6
2009,10,20,0,19.8,-3.5
2009,10,21,0,19.6,-3.8
2009,10,22,0.4,19,-4.7
2009,10,23,4.8,16.2,0.2
2009,10,24,5.5,14.4,0
2009,10,25,0.6,17.8,0.8
2009,10,26,4.3,19.4,0.4
2009,10,27,0,17.6,0.8
2009,10,28,0,17,-6.4
2009,10,29,0,18.4,-3.8
2009,10,30,0,19.2,-3.6
2009,10,31,0,19.4,-5.4
2009,11,1,0,18.6,-3.6
2009,11,2,0,16.1,-2.8
2009,11,3,0,15.4,-4.2
2009,11,4,0,19,-4.4
2009,11,5,0,19.2,-3.4
2009,11,6,0,18.4,-2.8
2009,11,7,0,18.6,-3.8
2009,11,8,0,19.2,-6.2
2009,11,9,0,19,-5.4
2009,11,10,0,21.4,-6
2009,11,11,0,21.8,-2.8
2009,11,12,1.9,19,-1.4
2009,11,13,2.6,15.6,-1
2009,11,14,7.6,16.2,0.8
2009,11,15,5.2,13.2,0.6
2009,11,16,0,15.5,0.2
2009,11,17,1.2,16.2,3.6
2009,11,18,0.4,16.4,1
2009,11,19,8.2,17.2,0.6
2009,11,20,3,14.3,1.8
2009,11,21,0,18.6,0.4
2009,11,22,3.8,16.6,0.8
2009,11,23,5,17.4,1.2
2009,11,24,0,17.2,0.6
2009,11,25,0.5,17.4,-0.4
2009,11,26,0.4,16.8,-0.6
2009,11,27,2.8,16.6,1.2
2009,11,28,3.8,16.4,2
2009,11,29,10.2,14.8,4.4
2009,11,30,13.4,15.8,1.6
2009,12,1,3.3,15.2,3.9
2009,12,2,0.2,16.8,-1.4
2009,12,3,0,15.4,2
2009,12,4,0,19.4,-1.9
2009,12,5,0,19.6,-2.1
2009,12,6,0,19.4,-1.9
2009,12,7,0,19.8,-2.2
2009,12,8,9,18.4,-3.4
2009,12,9,0,15.2,2.4
2009,12,10,0.2,13.6,2.7
2009,12,11,0,18.4,1
2009,12,12,0,19.4,-3.2
2009,12,13,0,16.2,2.8
2009,12,14,0,18.6,-0.8
2009,12,15,0,18.4,-0.2
2009,12,16,5.9,15.8,-1.1
2009,12,17,0,15,1.2
2009,12,18,1.7,15.2,3.4
2009,12,19,3.5,15.4,2.7
2009,12,20,6,17.6,2
2009,12,21,0,16,1.8
2009,12,22,3.9,17.6,-1.6
2009,12,23,4.1,16.1,2.2
2009,12,24,9.4,16.6,3.5
2009,12,25,7.3,13.8,2.6
2009,12,26,0.3,16.2,3.2
2009,12,27,0.6,16.4,2.2
2009,12,28,5.4,16.6,1.6
2009,12,29,0.8,16.4,-0.4
2009,12,30,1.2,17.8,-0.8
2009,12,31,0,17.6,0.6
2010,1,1,0,17.8,-2.4
2010,1,2,4,17.6,0.8
2010,1,3,0.9,15,1.6
2010,1,4,13.3,14.4,1
2010,1,5,0.2,15.4,2
2010,1,6,6.3,16.4,2
2010,1,7,0,-99.9,0.6
2010,1,8,12.5,17.4,1.8
2010,1,9,1.4,14.6,1.4
2010,1,10,4.5,15.4,3.8
2010,1,11,17.9,14.8,3.6
2010,1,12,11.5,14.9,2.5
2010,1,13,15.6,16.6,1.4
2010,1,14,20,16,2
2010,1,15,26.9,15.2,1.8
2010,1,16,13.7,15,0
2010,1,17,5.7,15.2,3.8
2010,1,18,10.4,12.8,3.2
2010,1,19,0.2,14.4,3.2
2010,1,20,0,17,2
2010,1,21,5,14,4.4
2010,1,22,10.8,13.6,4
2010,1,23,3.7,14.6,3.6
2010,1,24,3.3,13.8,3
2010,1,25,0,12.8,2.6
2010,1,26,0,14.2,0
2010,1,27,16.4,13.2,2.6
2010,1,28,6.4,14.8,0.8
2010,1,29,0.4,15.6,3
2010,1,30,8.8,13.8,3.2
2010,1,31,15.2,13.2,2.6
2010,2,1,7.9,13,3
2010,2,2,3.6,12.4,2.2
2010,2,3,2.2,17.4,4.2
2010,2,4,0.1,14.2,4.8
2010,2,5,3.4,13.8,5.1
2010,2,6,0,13.6,2.2
2010,2,7,1,15.3,0.6
2010,2,8,0.7,17.4,4.6
2010,2,9,10.9,16.2,3.4
2010,2,10,0,19.2,0.6
2010,2,11,0,17.6,0.8
2010,2,12,9.8,15.2,1.8
2010,2,13,3.8,14.2,2
2010,2,14,2.4,16.2,3.5
2010,2,15,4.2,17,1.8
2010,2,16,9.3,18,1.8
2010,2,17,4.6,15.1,2
2010,2,18,0,15,3.8
2010,2,19,9.7,16.2,4.2
2010,2,20,17,15,4.2
2010,2,21,11.7,14.2,2.8
2010,2,22,0.5,15,0.8
2010,2,23,2.5,12.6,4
2010,2,24,33.2,14.4,3.2
2010,2,25,11.1,16.2,0.3
2010,2,26,6.5,15.4,3
2010,2,27,6.3,15.2,3.6
2010,2,28,3.7,15,3
2010,3,1,1.5,15.2,2.8
2010,3,2,2.8,16,4.2
2010,3,3,0.5,17,3.4
2010,3,4,2,15.9,1.8
2010,3,5,9,14.4,3.6
2010,3,6,4.7,13.4,4.2
2010,3,7,1.3,15.8,0.2
2010,3,8,0,16.8,0.1
2010,3,9,0,16,1.3
2010,3,10,0,17.8,0.4
2010,3,11,1,16.1,0
2010,3,12,15.2,15,3.2
2010,3,13,0,15.4,1.6
2010,3,14,0.1,17.6,-1.7
2010,3,15,3,16.8,1.8
2010,3,16,11.8,16,2.8
2010,3,17,5.6,15.3,2
2010,3,18,2,16.2,0.2
2010,3,19,1.1,14,2.5
2010,3,20,0.2,15.8,2
2010,3,21,0.5,16.2,0.8
2010,3,22,0.3,17.2,0.3
2010,3,23,0,16,-1.1
2010,3,24,1.8,15.6,1.6
2010,3,25,1.9,12.8,4.3
2010,3,26,7.3,16.2,3.4
2010,3,27,3,15.6,4.2
2010,3,28,4.2,13.3,2.8
2010,3,29,0,16.8,-1.2
2010,3,30,0,17.4,-0.4
2010,3,31,0.7,16.7,1.4
2010,4,1,0.7,17,-0.4
2010,4,2,0.9,15.4,-0.6
2010,4,3,1.2,15.4,0.8
2010,4,4,5.5,15.2,2.5
2010,4,5,1.1,13.2,2.6
2010,4,6,5.5,14.8,3.6
2010,4,7,0.9,16,2.2
2010,4,8,0.4,15.6,1.7
2010,4,9,4.8,14.4,2.8
2010,4,10,0,16,-1.4
2010,4,11,0,16.2,-2.4
2010,4,12,0,15,-4.1
2010,4,13,0,14.8,-3.4
2010,4,14,0,14.2,-2.6
2010,4,15,0,14.6,-2.4
2010,4,16,9.6,15.2,-1.6
2010,4,17,0,14.6,0.8
2010,4,18,0,14.8,-1.2
2010,4,19,0,14.6,1.1
2010,4,20,0,17.6,1.8
2010,4,21,2.9,16.6,-0.2
2010,4,22,0,16.8,-1
2010,4,23,2.4,17.2,-0.8
2010,4,24,0,18,-2.2
2010,4,25,0,17.6,-3
2010,4,26,0,18.2,-5.6
2010,4,27,0,17,-5.8
2010,4,28,0,17.4,-4.4
2010,4,29,0,15.2,-99.9
2010,4,30,7.6,15,-99.9
2010,5,1,2.2,13,1.6
2010,5,2,0,13.8,-3.9
2010,5,3,0,15,-7.2
2010,5,4,0,14.8,-5.2
2010,5,5,0,16.6,-5.8
2010,5,6,0,16.8,-6.4
2010,5,7,0,18.1,-4.4
2010,5,8,0,18.4,-5.6
2010,5,9,0,17.6,-6
2010,5,10,0,16.8,-8.1
2010,5,11,0,17,-9.8
2010,5,12,0,17.2,-7.2
2010,5,13,0.05,16.2,-5.8
2010,5,14,0,12.6,-5.2
2010,5,15,0,13.6,-5
2010,5,16,0,13.8,2.2
2010,5,17,0,16.8,-5.4
2010,5,18,0,16.4,-6.2
2010,5,19,0.3,18.4,-5
2010,5,20,2.2,14.6,-3.4
2010,5,21,1.2,14.8,-0.2
2010,5,22,0,15.8,-5.8
2010,5,23,0,14.2,-6.8
2010,5,24,0,14.8,-5.8
2010,5,25,0,14.3,-6.4
2010,5,26,0.05,11,-3.3
2010,5,27,0,13.4,2
2010,5,28,0,13.6,2.5
2010,5,29,0,14.2,-5
2010,5,30,0,16.3,-6.4
2010,5,31,0,16.8,-5.4
2010,6,1,0,16,-6.2
2010,6,2,0,15.8,-7.8
2010,6,3,0,16.6,-8.2
2010,6,4,0,14.8,-5.8
2010,6,5,0,15,-3.4
2010,6,6,0,14.3,-5.9
2010,6,7,0,17.1,-6.7
2010,6,8,0,16.1,-6
2010,6,9,0,15.8,-7.1
2010,6,10,0,15.2,-6.9
2010,6,11,0,14.2,-6.2
2010,6,12,0,15.4,-6.9
2010,6,13,0,15.8,-7.6
2010,6,14,0,16,-8.6
2010,6,15,0,16.8,-7.9
2010,6,16,0,16.4,-7.4
2010,6,17,0,17.2,-6.8
2010,6,18,0,16.2,-7.6
2010,6,19,0,16.4,-6.8
2010,6,20,0,16,-6.3
2010,6,21,0.05,16.4,-3.7
2010,6,22,0,16.2,-4.6
2010,6,23,0,16.6,-6
2010,6,24,0,15.6,-7.2
2010,6,25,0,15.2,-6.2
2010,6,26,0,15.5,-6.4
2010,6,27,0,15.4,-7
2010,6,28,0,13.2,-7
2010,6,29,0,14,-4.9
2010,6,30,0,14,-8.6
2010,7,1,0,17.5,-5.4
2010,7,2,0,15.8,-7.9
2010,7,3,0,16.8,-7.2
2010,7,4,0,15.8,-7
2010,7,5,0,16.6,-8.2
2010,7,6,0,16.4,-9.2
2010,7,7,0,17,-9.8
2010,7,8,0,17.2,-8.8
2010,7,9,0,16.6,-9.2
2010,7,10,0,15.8,-8.6
2010,7,11,0,14.6,-11.7
2010,7,12,0,15.8,-14
2010,7,13,0,16.2,-12.4
2010,7,14,0,15.4,-12.2
2010,7,15,0,12.6,-9
2010,7,16,0,13.9,-8.2
2010,7,17,0.4,14,-3.2
2010,7,18,0,14.4,-99.9
2010,7,19,0,15.2,-13.4
2010,7,20,0,16.2,-11.8
2010,7,21,0,15.6,-11.1
2010,7,22,0,16.8,-11.3
2010,7,23,0,18.4,-11.6
2010,7,24,0,17.8,-10.2
2010,7,25,0,16.6,-11.1
2010,7,26,0,16.4,-9.6
2010,7,27,0,17.2,-10.2
2010,7,28,0,16,-10
2010,7,29,0,16.6,-7.6
2010,7,30,0,16.4,-8.4
2010,7,31,0,14.6,-9.2
2010,8,1,0,15.4,-12.3
2010,8,2,0,15.8,-9
2010,8,3,0,16.8,-5.8
2010,8,4,0,14.4,-9.6
2010,8,5,0,16.8,-8
2010,8,6,0,17.4,-8.4
2010,8,7,0,17.2,-9.2
2010,8,8,0,17.9,-9.2
2010,8,9,0,15.8,-9
2010,8,10,0,15.6,-9.8
2010,8,11,0,17,-5.8
2010,8,12,0,15.2,-9.2
2010,8,13,0,16.8,-9
2010,8,14,0,17.6,-9.1
2010,8,15,0,17.2,-8.2
2010,8,16,0,17.4,-7.4
2010,8,17,0,16.8,-7.2
2010,8,18,0,16.4,-8.6
2010,8,19,0,16.3,-8.4
2010,8,20,0,15.6,-8
2010,8,21,0,15.4,-7.9
2010,8,22,0,17.1,-9
2010,8,23,0,18.6,-7.1
2010,8,24,0,18.8,-6
2010,8,25,0,19.2,-5
2010,8,26,0,18,-6.4
2010,8,27,0,19.2,-6.6
2010,8,28,0,18.2,-8
2010,8,29,0,16.4,-8.1
2010,8,30,0.05,15.6,-5.4
2010,8,31,0,13.8,-1.8
2010,9,1,1.7,7.8,-1.3
2010,9,2,0.8,12,-0.1
2010,9,3,0,15.6,0
2010,9,4,0,17.8,-5.1
2010,9,5,0,18,-6.4
2010,9,6,0,17.7,-5.8
2010,9,7,0,18,-6.7
2010,9,8,0,17,-4.8
2010,9,9,0,18,-5.6
2010,9,10,0,18.8,-6.2
2010,9,11,0,19.2,-5.8
2010,9,12,0.05,17.6,-4.8
2010,9,13,0,15.8,-9.8
2010,9,14,0,17.6,-12.8
2010,9,15,0,18.6,-11
2010,9,16,0,19,-8.1
2010,9,17,0,18,-8
2010,9,18,0,17,-7.8
2010,9,19,0,17.2,-6
2010,9,20,0,18,-6.8
2010,9,21,0,17,-6.2
2010,9,22,0,18,-6.1
2010,9,23,0,19.2,-6.7
2010,9,24,0,19,-6
2010,9,25,0.05,18,-6.2
2010,9,26,0,19.4,-6.8
2010,9,27,0,20.2,-7.4
2010,9,28,0,20,-8.8
2010,9,29,0,20.8,-9.2
2010,9,30,0,19.8,-8
2010,10,1,0,17.4,-6.4
2010,10,2,0,18.8,-1
2010,10,3,0,16.6,-4
2010,10,4,0,17.8,-11.6
2010,10,5,0,17.6,-8.1
2010,10,6,0,19,-7.2
2010,10,7,0,19.2,-9.3
2010,10,8,0,18,0.5
2010,10,9,0.05,17.6,-3.9
2010,10,10,4.2,16,-4.6
2010,10,11,0.2,12.8,2.6
2010,10,12,6.7,13.4,1
2010,10,13,0.5,14,-1.8
2010,10,14,0.6,13.4,-5.3
2010,10,15,0,14.8,-5.2
2010,10,16,13.9,15.6,-5
2010,10,17,1,13.8,-0.4
2010,10,18,0,16.8,-3.1
2010,10,19,0,17.6,-4.2
2010,10,20,0,16.6,-0.4
2010,10,21,0,13.2,-2.9
2010,10,22,0,17.6,-4.4
2010,10,23,0,18.6,-7.4
2010,10,24,0,19.4,-3.6
2010,10,25,0,18.6,-6.2
2010,10,26,0,19.2,-4.1
2010,10,27,0,17.2,-1.6
2010,10,28,0,20.6,-5.6
2010,10,29,0,18.8,-5.8
2010,10,30,0,20.4,-3.6
2010,10,31,0,19.2,-2.2
2010,11,1,0,19.8,-5
2010,11,2,0,20,-5.4
2010,11,3,0,20.4,-7.7
2010,11,4,0,18.4,-9.3
2010,11,5,0,19.5,-9.8
2010,11,6,0,19.2,-6.6
2010,11,7,0,19,-8.2
2010,11,8,0,18.3,-6.8
2010,11,9,0.05,19,-7
2010,11,10,0,18.7,-3.2
2010,11,11,2.6,16.7,2.2
2010,11,12,0,16.2,1
2010,11,13,0,18.8,-2.2
2010,11,14,0,19.6,-4.1
2010,11,15,0,20,-3.8
2010,11,16,0,19,-7.6
2010,11,17,0,19.2,-9.8
2010,11,18,0,19,-8.4
2010,11,19,0,18.8,-8
2010,11,20,0,20,-8.3
2010,11,21,0,19.4,-6.8
2010,11,22,0,18,-5.6
2010,11,23,0,20.2,-6.9
2010,11,24,0,20,-5.7
2010,11,25,0,21.1,-5
2010,11,26,0,19.2,-0.4
2010,11,27,0.05,19.8,0.6
2010,11,28,0.05,18.4,-0.2
2010,11,29,0,18,-1.2
2010,11,30,0,20.4,-3.4
2010,12,1,0.8,20.2,-3.3
2010,12,2,0,19.6,-4.1
2010,12,3,0,21.4,-3.2
2010,12,4,8.7,18.8,-4
2010,12,5,3.6,15.4,1.5
2010,12,6,12.5,13.6,1.7
2010,12,7,1.5,16.7,0.2
2010,12,8,14.6,15.6,0.6
2010,12,9,8.3,15.4,2.2
2010,12,10,8.4,13.8,3.3
2010,12,11,2,16.4,2.1
2010,12,12,1.1,14.8,3.6
2010,12,13,0,14.8,3.8
2010,12,14,0,17.4,-2.6
2010,12,15,0,17.6,-6.1
2010,12,16,0,19.2,-2.4
2010,12,17,0,17.9,-1.4
2010,12,18,0,17.6,-4.5
2010,12,19,0.5,16,-3.4
2010,12,20,7.5,14.6,0.6
2010,12,21,2.4,13.2,1.2
2010,12,22,16.1,12,1.8
2010,12,23,0.6,10.2,-0.2
2010,12,24,4.4,13.8,1.6
2010,12,25,10.3,11.4,-99.9
2010,12,26,1.3,16.8,1.8
2010,12,27,3.2,12.4,3.8
2010,12,28,14,12.8,3.3
2010,12,29,12.7,15.7,1.8
2010,12,30,0,16.6,2.3
2010,12,31,0,16.4,-1.6
2011,1,1,0,17,-1.9
2011,1,2,0,17.6,-1.4
2011,1,3,0,17.1,1.1
2011,1,4,0,18.7,-1.5
2011,1,5,1.7,17.6,-1.4
2011,1,6,0.05,16.2,-1
2011,1,7,2.9,14.6,0
2011,1,8,3.9,16.6,0.6
2011,1,9,18.9,13.8,3
2011,1,10,3.2,14.2,1.1
2011,1,11,9.5,12.6,-99.9
2011,1,12,6.9,16.4,2.6
2011,1,13,0.9,16.8,3.2
2011,1,14,4.5,16,-0.1
2011,1,15,2.9,14.4,1.1
2011,1,16,0.5,15.6,-0.4
2011,1,17,9.6,17.8,0
2011,1,18,0,18.2,-1.8
2011,1,19,0,17.4,-2
2011,1,20,0.8,17.6,0.4
2011,1,21,1,15.8,2
2011,1,22,8.4,14.6,1.4
2011,1,23,11.8,13.4,0
2011,1,24,29.2,11.2,0.2
2011,1,25,21.5,12.6,-0.6
2011,1,26,22.1,13.4,-0.2
2011,1,27,19.7,12.2,0.4
2011,1,28,15,14.2,1.2
2011,1,29,12.9,13.2,-0.2
2011,1,30,7,14.2,2
2011,1,31,25.4,13.8,2
2011,2,1,2,14,0
2011,2,2,16.8,15.4,3.2
2011,2,3,23.1,16.6,2.4
2011,2,4,16.6,15.4,2
2011,2,5,18.8,14,2.6
2011,2,6,4.1,11.8,2.8
2011,2,7,0.4,13.1,3.2
2011,2,8,11.8,12.4,3.6
2011,2,9,18.3,14.8,1.8
2011,2,10,8.4,14.2,2.4
2011,2,11,0.5,14.5,1.4
2011,2,12,0,16.4,1.6
2011,2,13,3.3,17,0.5
2011,2,14,7.7,11.8,2.8
2011,2,15,4.8,9.8,1.6
2011,2,16,1.9,15.4,2.4
2011,2,17,2.6,15.4,2.6
2011,2,18,4.7,9.8,3.2
2011,2,19,28.7,10.6,-99.9
2011,2,20,8.6,11.4,0.2
2011,2,21,11.8,12.2,2.2
2011,2,22,27.6,12,2.2
2011,2,23,2.3,15.4,-0.2
2011,2,24,14.5,11.8,2.6
2011,2,25,3.5,13.4,1.8
2011,2,26,12,13.8,1.2
2011,2,27,20.3,12.8,2.4
2011,2,28,0.6,13,0.8
2011,3,1,0,15.2,1.4
2011,3,2,0,14.7,-1.1
2011,3,3,1,14.8,-2.2
2011,3,4,8.5,12.8,1.8
2011,3,5,7.6,13.2,1.6
2011,3,6,0,14,1.1
2011,3,7,0.2,14.6,-2.8
2011,3,8,0.4,13.6,3
2011,3,9,0.05,14.3,2.6
2011,3,10,8.5,15.8,2.8
2011,3,11,4.3,13.4,-0.8
2011,3,12,0.5,12.8,1
2011,3,13,17.9,15,3.2
2011,3,14,12.4,13.6,0
2011,3,15,4.8,13.4,2.1
2011,3,16,0.2,15.2,1.6
2011,3,17,12.9,15.2,3.5
2011,3,18,2.3,14.4,0.3
2011,3,19,1,13.4,2.6
2011,3,20,0.4,16,4
2011,3,21,0,15,3.8
2011,3,22,7.6,14.2,2
2011,3,23,0,15.6,2.8
2011,3,24,4.7,14,0.8
2011,3,25,0.05,13.8,3.3
2011,3,26,7.5,16,1.6
2011,3,27,0.5,14.4,2.6
2011,3,28,0,16,3
2011,3,29,8,15.1,3.3
2011,3,30,9.6,14.8,3.2
2011,3,31,4.8,15.8,3
2011,4,1,0,14.4,1.6
2011,4,2,0.2,15,2.9
2011,4,3,0,15.4,-0.1
2011,4,4,0,15.2,-1.1
2011,4,5,2.3,16.2,0.6
2011,4,6,31.7,13.8,0.4
2011,4,7,1,14.8,-0.2
2011,4,8,18.3,13.6,1.2
2011,4,9,2,11.8,-0.3
2011,4,10,0,14.6,0.6
2011,4,11,1.5,15,-1.6
2011,4,12,0,15.6,-2.4
2011,4,13,0,15,-3
2011,4,14,0,14.4,-2.6
2011,4,15,0,13.1,0.3
2011,4,16,6.4,13.6,-99.9
2011,4,17,0.8,12.1,0
2011,4,18,5.6,13.8,1.8
2011,4,19,0.9,15,1.6
2011,4,20,0,15.8,-0.6
2011,4,21,0,14.4,-1.6
2011,4,22,0,15.6,-1.8
2011,4,23,0,15.2,-1.6
2011,4,24,0,16.2,-0.2
2011,4,25,0,15.8,-1.8
2011,4,26,0,15.8,-1
2011,4,27,2.7,15.4,-0.2
2011,4,28,0.3,14.2,-2
2011,4,29,0,14.9,-4.6
2011,4,30,0,16.3,-5
2011,5,1,0,14.2,-3.6
2011,5,2,0,13.6,0.4
2011,5,3,3.5,14.6,-0.9
2011,5,4,0,13.6,-1.9
2011,5,5,0,14,-3
2011,5,6,0,13.2,-4.1
2011,5,7,0,14.2,-5.4
2011,5,8,0,14.4,-4
2011,5,9,0.3,12.6,-0.6
2011,5,10,0,9.8,-1.4
2011,5,11,0,14,-0.8
2011,5,12,0.4,14.8,-3.8
2011,5,13,0,15.4,-4.2
2011,5,14,0,15.6,-5.6
2011,5,15,0,15,-6.2
2011,5,16,0,16.2,-6.4
2011,5,17,0,14.8,-7
2011,5,18,0,14.6,-7.4
2011,5,19,0,15,-7.6
2011,5,20,0,15.2,-7
2011,5,21,0,15,-6.8
2011,5,22,0,14.2,-5.8
2011,5,23,0,14.6,-1.8
2011,5,24,0.3,15.8,-2.6
2011,5,25,0,15.6,-2.5
2011,5,26,0,14.4,-3.2
2011,5,27,0,17.2,-4
2011,5,28,0,16.8,-3.4
2011,5,29,0,16.2,-5.2
2011,5,30,0,16,-6.6
2011,5,31,0,16.3,-6.2
2011,6,1,0,16.6,-5
2011,6,2,0,14.2,-7.4
2011,6,3,0,14,-3
2011,6,4,0,14.4,-3.1
2011,6,5,0,15.6,-6.6
2011,6,6,0,15.4,-9.2
2011,6,7,0,13.4,-12.1
2011,6,8,0,14.2,-10.2
2011,6,9,0,15.2,-12.6
2011,6,10,0,15.6,-11.6
2011,6,11,0,15,-9.1
2011,6,12,0,14.3,-8.4
2011,6,13,0,14.8,-8.2
2011,6,14,0,14.4,-7
2011,6,15,0,12.6,-8.6
2011,6,16,0,12.4,-7.7
2011,6,17,0,12.8,-6.4
2011,6,18,0,14,-4
2011,6,19,0,14.1,-7.8
2011,6,20,0,14,-4.2
2011,6,21,0,14.6,-7.4
2011,6,22,0,14.7,-5.6
2011,6,23,0,15.2,-7
2011,6,24,0,17,-6.4
2011,6,25,0,15.2,-9.8
2011,6,26,0,16.2,-10.2
2011,6,27,0,17.6,-9
2011,6,28,0,14.6,-7.6
2011,6,29,0,13,-6.2
2011,6,30,0,12.2,-4
2011,7,1,0,11.4,-4.6
2011,7,2,0,5.8,-3.1
2011,7,3,3.5,5.2,-0.8
2011,7,4,0,10.4,-5.6
2011,7,5,0,13.8,-5.2
2011,7,6,0,13.2,-4.6
2011,7,7,0,12,-6.8
2011,7,8,0,10,-4.6
2011,7,9,0,13,-7.1
2011,7,10,0,13.2,-8
2011,7,11,0,14.8,-7.4
2011,7,12,0,16,-7.6
2011,7,13,0,17.2,-6.8
2011,7,14,0,16.6,-8.2
2011,7,15,0,15.8,-7.8
2011,7,16,0,14.8,-9.8
2011,7,17,0,15.2,-8.2
2011,7,18,0,14.4,-10.4
2011,7,19,0,14,-9
2011,7,20,0,16.4,-5.6
2011,7,21,0,15.2,-8.4
2011,7,22,0,16.6,-8
2011,7,23,0,14.8,-7.9
2011,7,24,0,15.8,-6.2
2011,7,25,0,16.2,-7.2
2011,7,26,0,14,-6.6
2011,7,27,0,15.6,-7.6
2011,7,28,0,15,-9.4
2011,7,29,0,13.8,-11.8
2011,7,30,0,14.6,-13.3
2011,7,31,0,14.4,-11.2
2011,8,1,0,15.2,-9.4
2011,8,2,0,16.4,-10.8
2011,8,3,0,16.6,-11.9
2011,8,4,0,13,-5.9
2011,8,5,6.8,11.8,-0.2
2011,8,6,0,15.2,-5.8
2011,8,7,0,15.3,-5.6
2011,8,8,0,15.8,-6.6
2011,8,9,0,14,-5.8
2011,8,10,0.05,14.8,-1.4
2011,8,11,0,14,-2.6
2011,8,12,0,15.2,-5.4
2011,8,13,0,14.4,-6.2
2011,8,14,0,14.5,-7.2
2011,8,15,0,12.4,-5.8
2011,8,16,0,15.2,-8.4
2011,8,17,0,17.4,-7
2011,8,18,0,17.2,-7.1
2011,8,19,0,17,-7.5
2011,8,20,0,16.2,-6.8
2011,8,21,0,17.6,-5.6
2011,8,22,0,16.6,-8.6
2011,8,23,0,16.2,-11.6
2011,8,24,0,14.8,-8.2
2011,8,25,0,16.8,-6.9
2011,8,26,0,17,-4.6
2011,8,27,0,17.6,-6.4
2011,8,28,0,17.8,-7.6
2011,8,29,0,17.4,-7.2
2011,8,30,0,18.2,-7
2011,8,31,0,15.2,-0.2
2011,9,1,0,17,-2.9
2011,9,2,0,17,-6.1
2011,9,3,0,16.8,-6.8
2011,9,4,0,18.2,-6.3
2011,9,5,0,19.2,-6.6
2011,9,6,0,16.4,-5.8
2011,9,7,0,19.2,-2.8
2011,9,8,0,18.6,-9
2011,9,9,0,17.4,-9.1
2011,9,10,0,16.4,-8.6
2011,9,11,0,16.2,-3.4
2011,9,12,0.05,14.4,-0.2
2011,9,13,4.6,13.8,-0.4
2011,9,14,0,11.2,-1.8
2011,9,15,0.05,14.2,-3.5
2011,9,16,0,16.4,-5.8
2011,9,17,0,15.2,-7.2
2011,9,18,0,16.4,-4.1
2011,9,19,0,16.2,-2.6
2011,9,20,3,13.8,-5.8
2011,9,21,0.3,14,-5.4
2011,9,22,0,15.2,-4.6
2011,9,23,0.2,13.8,-4.2
2011,9,24,0,15.2,-3.6
2011,9,25,0,17.2,-5.4
2011,9,26,0,16.8,-7.2
2011,9,27,0.6,15.4,-1.1
2011,9,28,2.7,16,-1.3
2011,9,29,0,17.2,-3.8
2011,9,30,0,17,-5.4
2011,10,1,0,18.8,-7.5
2011,10,2,0,17.8,-7.9
2011,10,3,0.6,15.3,-0.2
2011,10,4,0,16.4,-6
2011,10,5,0,16.8,-6.4
2011,10,6,0,15.6,-5.6
2011,10,7,5,15.8,-4.2
2011,10,8,2.9,12,-0.4
2011,10,9,1.6,11.6,1.2
2011,10,10,0,15.2,-0.2
2011,10,11,0,16,-2
2011,10,12,0,17.4,-5.6
2011,10,13,0,19.2,-6.4
2011,10,14,0,19,-6.4
2011,10,15,0,18.2,-6.6
2011,10,16,0,18.4,-5.6
2011,10,17,0,18.2,-6
2011,10,18,0,18.8,-7.6
2011,10,19,0,19,-7.2
2011,10,20,0,20.4,-6.2
2011,10,21,0,18.3,-8.4
2011,10,22,0,18.6,-9.6
2011,10,23,0,18.8,-6.8
2011,10,24,0,19.8,-6.6
2011,10,25,0,19.8,-5
2011,10,26,0,20.4,-6.4
2011,10,27,0,18.2,-1.2
2011,10,28,0,19,-4
2011,10,29,0.05,18.8,-1
2011,10,30,0.3,20,-5
2011,10,31,0,18.4,-4.8
2011,11,1,0,18.2,-3.8
2011,11,2,0.05,17.8,-5.6
2011,11,3,0,17.4,-5.2
2011,11,4,0,19.1,-4.6
2011,11,5,0,20,-5.4
2011,11,6,0,19.8,-9.6
2011,11,7,0,20.2,-7.4
2011,11,8,0,19.4,-4.4
2011,11,9,0,21.4,-2.6
2011,11,10,0,21.2,-3.8
2011,11,11,0,19.4,-3
2011,11,12,0,18.4,-3.5
2011,11,13,0,20.4,-4.2
2011,11,14,4.3,20.8,-4.6
2011,11,15,0,20.4,-3.4
2011,11,16,0,18.2,-0.6
2011,11,17,0,20,-2.2
2011,11,18,12.5,15.4,0.6
2011,11,19,12.4,10.4,-0.2
2011,11,20,0,15,-0.1
2011,11,21,0.8,16.8,-0.2
2011,11,22,2.3,16.6,2.8
2011,11,23,0,18.6,1.6
2011,11,24,0,20.8,-1.4
2011,11,25,0,20.2,-4.4
2011,11,26,0,19.4,-3.4
2011,11,27,0,19.8,-1.4
2011,11,28,0,20.4,-1
2011,11,29,1.1,18.4,-3
2011,11,30,0,20.4,-2.4
2011,12,1,0,19.1,-2.3
2011,12,2,0,19.6,-5.2
2011,12,3,0,19.2,-3.3
2011,12,4,0,19.6,-2.2
2011,12,5,0,19.2,-6
2011,12,6,0.05,18.6,-5.2
2011,12,7,0,19.4,-3.8
2011,12,8,1.3,20.6,-2.6
2011,12,9,0,18.4,-0.8
2011,12,10,7.2,15,-2.3
2011,12,11,19.9,15.8,1
2011,12,12,1.6,14.2,-0.1
2011,12,13,4.3,15.4,-5.2
2011,12,14,12.4,14.2,0.8
2011,12,15,2.4,15.5,2
2011,12,16,0,16.6,1
2011,12,17,0,17.2,-2.2
2011,12,18,0,16.6,-0.4
2011,12,19,0.9,15.2,-0.2
2011,12,20,4.8,13.4,2.8
2011,12,21,2.3,15,0.6
2011,12,22,15.4,10,2.6
2011,12,23,6.5,9,-0.1
2011,12,24,6.2,13.6,-0.2
2011,12,25,7,6.4,0
2011,12,26,24,13.6,1.2
2011,12,27,6.6,14.2,0
2011,12,28,5.3,12.2,0.2
2011,12,29,14,13.8,2.4
2011,12,30,2.2,12.8,1.2
2011,12,31,0.4,13,4.2
2012,1,1,3.8,12.6,-99.9
2012,1,2,6.6,12.3,2.6
2012,1,3,7.2,14.8,2.4
2012,1,4,19.8,14.6,-0.2
2012,1,5,21.2,13.4,0
2012,1,6,0.8,11.6,0.2
2012,1,7,4.3,13,3.2
2012,1,8,8.1,12.6,1.6
2012,1,9,5.1,11.6,2.8
2012,1,10,0,16,1
2012,1,11,0,16.8,-0.2
2012,1,12,0,16.6,-0.6
2012,1,13,0,17,1.4
2012,1,14,0,16,-1
2012,1,15,0,15.6,-2
2012,1,16,0.5,15,-2.8
2012,1,17,11.3,12.9,-1
2012,1,18,0.05,14.1,0.2
2012,1,19,2.9,12.6,1.8
2012,1,20,18,14.2,1.3
2012,1,21,18.2,11.4,0.3
2012,1,22,1.8,14,-1.8
2012,1,23,0,13.8,0.4
2012,1,24,8,16.2,-0.7
2012,1,25,7.2,12.6,1.2
2012,1,26,19.1,13.2,2.2
2012,1,27,0,11.6,0
2012,1,28,12.5,13.2,3.4
2012,1,29,8.8,12.8,0
2012,1,30,18.8,14.6,0.1
2012,1,31,0,14.8,-0.3
2012,2,1,18.4,16,3.4
2012,2,2,25.8,15.6,0
2012,2,3,2.1,14,0.2
2012,2,4,12.9,13.8,3
2012,2,5,5,16.4,0.2
2012,2,6,21.7,12.8,3.6
2012,2,7,1,14.8,0.2
2012,2,8,11.2,14,0.4
2012,2,9,14.2,14.2,0
2012,2,10,6.9,14.6,-0.2
2012,2,11,26.6,11,3.2
2012,2,12,2,11.2,-0.2
2012,2,13,3.3,11.6,2.8
2012,2,14,6,12.4,2.6
2012,2,15,18.4,12.6,1.1
2012,2,16,29.6,9.4,0
2012,2,17,5,9.8,-0.1
2012,2,18,8.8,12.2,0.2
2012,2,19,31.2,12.8,0.4
2012,2,20,2.3,12.6,-0.8
2012,2,21,0,14.8,-1.3
2012,2,22,1.8,15.2,2.6
2012,2,23,4.1,11.4,2
2012,2,24,2.3,11.2,2.8
2012,2,25,0,15.4,-0.8
2012,2,26,0.9,14.8,2.4
2012,2,27,19.5,12.2,3
2012,2,28,3.2,12.8,2
2012,2,29,17.8,15,0.2
2012,3,1,0.2,12.8,0
2012,3,2,5.4,13.2,3
2012,3,3,12,13.3,2.6
2012,3,4,16.7,10.2,1
2012,3,5,2.2,12.8,0.3
2012,3,6,6.6,12.2,4
2012,3,7,8.4,13.6,2.4
2012,3,8,1,12.4,2.2
2012,3,9,0.2,12,2.6
2012,3,10,0,12.2,0.4
2012,3,11,6.1,13.2,0.3
2012,3,12,2.8,12,0.4
2012,3,13,0,14,-0.2
2012,3,14,0,15.1,-1.8
2012,3,15,2,15.8,-0.6
2012,3,16,4.9,15.2,3.2
2012,3,17,0.7,14,1.2
2012,3,18,0,14.4,2.2
2012,3,19,0.1,16.2,-0.8
2012,3,20,0.8,14.2,-0.4
2012,3,21,0,16.2,-0.6
2012,3,22,5.8,17.2,-1
2012,3,23,0,16.2,-2.4
2012,3,24,0,16.6,-2
2012,3,25,6.8,14.6,-1.2
2012,3,26,5,14.2,0.2
2012,3,27,11.9,12.2,2.2
2012,3,28,4.5,11.4,0.4
2012,3,29,28.3,14.8,2.2
2012,3,30,0.5,11.6,-0.2
2012,3,31,0.5,14,2.2
2012,4,1,0.6,14.2,0.8
2012,4,2,0.8,15.7,2
2012,4,3,16.3,14.8,0.6
2012,4,4,3.3,13.1,-0.1
2012,4,5,3.8,13.6,-0.3
2012,4,6,0.2,14.4,2
2012,4,7,4.7,16.6,1.2
2012,4,8,2.2,15,-0.8
2012,4,9,5.2,14.3,0.2
2012,4,10,4.2,12.6,1.6
2012,4,11,0.7,12.6,1.4
2012,4,12,1.1,13.2,3.8
2012,4,13,3,12.8,2.3
2012,4,14,1.6,15.2,-1
2012,4,15,9,14.4,0.2
2012,4,16,0,15.4,2.3
2012,4,17,7.6,14.8,1.2
2012,4,18,6.3,13.6,2
2012,4,19,1.7,15.2,2.4
2012,4,20,0,14.8,2
2012,4,21,0.2,14.6,-1
2012,4,22,1.4,13.4,1.6
2012,4,23,0.8,14.2,2.8
2012,4,24,4.8,13.8,2.2
2012,4,25,0,14.2,1.8
2012,4,26,0,13.6,-2
2012,4,27,0,14.8,1
2012,4,28,0,14.4,-3.2
2012,4,29,0,15.2,-4.8
2012,4,30,0,14.6,-1.8
2012,5,1,1,14.4,-2
2012,5,2,1.3,14.3,-1.8
2012,5,3,0,13.4,-2.2
2012,5,4,0,15.4,-1.6
2012,5,5,0,15.7,-2.2
2012,5,6,0,14.4,-2.6
2012,5,7,0,15.4,-2.2
2012,5,8,0,14.4,-2.9
2012,5,9,0,15.4,-3.8
2012,5,10,0,15.2,-4
2012,5,11,0,15,-3.2
2012,5,12,0,15.1,-4.7
2012,5,13,0,14.2,-2.6
2012,5,14,0,14.8,-6.4
2012,5,15,0,15,-6.6
2012,5,16,0,15.6,-7.8
2012,5,17,0,15.2,-7.2
2012,5,18,0,15.1,-6.1
2012,5,19,0,13.3,-5.3
2012,5,20,0,14.6,-5.4
2012,5,21,0,14.4,-5.6
2012,5,22,0,14.6,-4.8
2012,5,23,0,14.6,-6.8
2012,5,24,0,14.8,-6.2
2012,5,25,0,13.6,-7.5
2012,5,26,0,14.6,-9.8
2012,5,27,0,16.4,-9
2012,5,28,0,15.8,-8.8
2012,5,29,0,14.8,-7.4
2012,5,30,0,14.6,-8.6
2012,5,31,0,14.2,-99.9
2012,6,1,0,15.4,-7.2
2012,6,2,0,16.2,-7
2012,6,3,0,16,-8.4
2012,6,4,0,15.2,-9.3
2012,6,5,0,14.4,-9
2012,6,6,0.7,11.8,-6.4
2012,6,7,0.6,13.2,-4.4
2012,6,8,0.9,12.6,-3.4
2012,6,9,0.6,11.6,-4.4
2012,6,10,0,12.4,-4.8
2012,6,11,0,11.8,-3.6
2012,6,12,0,12.2,-7
2012,6,13,0,12.6,-7.6
2012,6,14,0,12,-7.8
2012,6,15,0,13.4,-8
2012,6,16,0,14.2,-8
2012,6,17,0,16,-8.2
2012,6,18,0,16.2,-9.2
2012,6,19,0,16.8,-7.8
2012,6,20,0,16.2,-9
2012,6,21,0,14.8,-10.1
2012,6,22,0,15.6,-11.2
2012,6,23,0,15,-10.4
2012,6,24,0,13.2,-8.4
2012,6,25,0,13.8,-8.2
2012,6,26,0,13.2,-8.8
2012,6,27,0,14.4,-8.4
2012,6,28,0,15.4,-9
2012,6,29,0,15.6,-9.2
2012,6,30,0,15.3,-9.6
2012,7,1,0,14.6,-8.4
2012,7,2,0,14.6,-8.8
2012,7,3,0,14.2,-9
2012,7,4,0,14.8,-8.4
2012,7,5,0,14.4,-9.2
2012,7,6,0,14.6,-9.6
2012,7,7,0,13.2,-7.4
2012,7,8,0.05,10,-0.8
2012,7,9,0,13.2,-6.8
2012,7,10,0,14.6,-7.8
2012,7,11,0,15.6,-8
2012,7,12,0,16.2,-9.6
2012,7,13,0,15.4,-8.2
2012,7,14,0,16.4,-8
2012,7,15,0,16,-8.8
2012,7,16,0,15.8,-10.3
2012,7,17,0,15.4,-14.6
2012,7,18,0,14.6,-13.1
2012,7,19,0,14,-11.6
2012,7,20,0,15.6,-11
2012,7,21,0,15.8,-11.6
2012,7,22,0,15.4,-10.1
2012,7,23,0,15.6,-9.2
2012,7,24,0,15.4,-9.2
2012,7,25,0,14.6,-9.5
2012,7,26,0,15,-8.8
2012,7,27,0,13.8,-9.2
2012,7,28,0,14.2,-7.1
2012,7,29,0,15.4,-8.6
2012,7,30,0.3,13.2,-6.8
2012,7,31,0,14.4,-5.6
2012,8,1,0,15.8,-7
2012,8,2,0,15.6,-7.2
2012,8,3,0,16.6,-7.6
2012,8,4,0,15,-7.8
2012,8,5,0,14.8,-9.8
2012,8,6,0,14.8,-9
2012,8,7,0,15.4,-10.8
2012,8,8,0,15.6,-9.8
2012,8,9,0,15,-9.6
2012,8,10,0,16,-10.2
2012,8,11,0,16.6,-9.4
2012,8,12,0,15.6,-9.6
2012,8,13,0,15,-9.2
2012,8,14,0,16.4,-9
2012,8,15,0,16,-13
2012,8,16,0,14.8,-9
2012,8,17,0,15.2,-7.3
2012,8,18,0,15.6,-11.8
2012,8,19,0,15.4,-8.8
2012,8,20,0,14.8,-12.6
2012,8,21,0,16.4,-12
2012,8,22,0,15.8,-8
2012,8,23,0,17.6,-6.6
2012,8,24,0,16.4,-6.8
2012,8,25,0,15.8,-2.4
2012,8,26,0,12.8,2.4
2012,8,27,0,18.2,-4.2
2012,8,28,0,17.8,-8.4
2012,8,29,0,16.4,-6.6
2012,8,30,0,15.2,-9.4
2012,8,31,0,15.8,-7.7
2012,9,1,0,16,-6.6
2012,9,2,0,16.6,-7.8
2012,9,3,0,16,-6.4
2012,9,4,0,17.6,-4.8
2012,9,5,0,18.2,-5.2
2012,9,6,0,18.4,-6.2
2012,9,7,0,18.6,-5.8
2012,9,8,0,19.6,-6.6
2012,9,9,0,16.6,-5.2
2012,9,10,0,19.8,-5.8
2012,9,11,0,18.8,-4.8
2012,9,12,0,18,-5.1
2012,9,13,1,16,-3.2
2012,9,14,0.2,13,-0.2
2012,9,15,0.9,13.2,-0.8
2012,9,16,0,16.4,-4
2012,9,17,0,18.3,-5.1
2012,9,18,0,18.4,-4.6
2012,9,19,0,20,-8.2
2012,9,20,0,18.8,-7.7
2012,9,21,0,18.6,-9.6
2012,9,22,0,17.8,-7.2
2012,9,23,0,18.8,-4.4
2012,9,24,0,18.6,-4.6
2012,9,25,2.3,18,-3.6
2012,9,26,32,15.4,0.2
2012,9,27,0,12,1.4
2012,9,28,0,15.4,-1.8
2012,9,29,0,16,-3.4
2012,9,30,0,15.2,-3
2012,10,1,0,15.6,-1.3
2012,10,2,0,16.2,-6.6
2012,10,3,0,15.8,-6
2012,10,4,0,16.2,-5.8
2012,10,5,0,18.6,-6.1
2012,10,6,0,15.8,-3
2012,10,7,0,16.4,-3.8
2012,10,8,0.2,14.8,0.6
2012,10,9,0,16.1,-2
2012,10,10,0.05,17.6,-3.4
2012,10,11,0,16.8,-4.6
2012,10,12,0,18.2,-6.4
2012,10,13,0,17.6,-2.8
2012,10,14,0,18.6,-1.3
2012,10,15,0,19.8,-3.8
2012,10,16,0,20.4,-5.8
2012,10,17,0,20.2,-4.2
2012,10,18,0,18.4,-4.4
2012,10,19,0,20,-3.2
2012,10,20,0,19.2,-3.6
2012,10,21,0,18.3,-1.8
2012,10,22,0,19.4,-2.8
2012,10,23,0,21,-6.8
2012,10,24,0.4,18.8,-2.6
2012,10,25,2.1,18.8,1.2
2012,10,26,5.2,17,1.4
2012,10,27,2,17.3,2.2
2012,10,28,0.05,14.4,2
2012,10,29,1.8,16,2.4
2012,10,30,0.05,18.2,1.4
2012,10,31,0,17.3,-0.6
2012,11,1,2.1,14.6,2.6
2012,11,2,0,17.2,-1.3
2012,11,3,0.8,16.8,-1.8
2012,11,4,0,17,-0.8
2012,11,5,0.7,15.8,1.5
2012,11,6,0,16.6,-1.4
2012,11,7,0,19.2,-5.2
2012,11,8,0,20,-4.8
2012,11,9,0,21,-5.4
2012,11,10,0,21.2,-3.8
2012,11,11,0,20,-2
2012,11,12,0,18.8,-1.6
2012,11,13,0,19.8,-1.4
2012,11,14,3.1,18.3,-2.6
2012,11,15,0,19.8,-1.6
2012,11,16,0,19.2,-3
2012,11,17,7.5,18.6,-0.2
2012,11,18,0.2,15.6,0.6
2012,11,19,0,17.2,0.6
2012,11,20,4,17.8,1
2012,11,21,2.2,15.6,1.1
2012,11,22,0,18,-3.4
2012,11,23,0,20.2,-6.2
2012,11,24,0,19.8,-5.4
2012,11,25,0,18.8,-3.4
2012,11,26,0,21.2,-3.8
2012,11,27,0,20.8,-3.4
2012,11,28,0,19.6,-2.4
2012,11,29,0,17.8,-1.2
2012,11,30,0,17.6,-4.2
2012,12,1,3.1,15.3,1
2012,12,2,17.1,16.6,-0.2
2012,12,3,10,12,0.6
2012,12,4,7.7,13.4,1.8
2012,12,5,20.9,13.6,2.8
2012,12,6,5.3,12.4,0.4
2012,12,7,12.9,16.8,3.2
2012,12,8,14.1,15.6,0.6
2012,12,9,20,17.6,1.2
2012,12,10,7.8,15,0.8
2012,12,11,6,16.2,2.8
2012,12,12,0,15.8,2.6
2012,12,13,14.2,13.4,0
2012,12,14,16.7,15,1.8
2012,12,15,17.5,15.4,1.6
2012,12,16,14.4,12.6,0.2
2012,12,17,3.6,14.8,0
2012,12,18,10.2,13.6,2.5
2012,12,19,2.5,13.6,3.2
2012,12,20,0,16,1.7
2012,12,21,0,15.8,0.2
2012,12,22,2.4,11,2.6
2012,12,23,20.4,14.6,2.8
2012,12,24,3.3,14.4,2.9
2012,12,25,1.8,16.4,4
2012,12,26,7.8,13,2.8
2012,12,27,0.5,16,0
2012,12,28,0,16.6,-1
2012,12,29,0,10.8,3.3
2012,12,30,0.8,15.6,-0.8
2012,12,31,0.05,16,1.2
2013,1,1,0.01,16.2,-1.4
2013,1,2,0,15,1.3
2013,1,3,0,15.8,-0.8
2013,1,4,0.4,15.2,2.5
2013,1,5,12,12.6,0.6
2013,1,6,4.9,14.8,2
2013,1,7,0,16,0.7
2013,1,8,0,14.6,2.4
2013,1,9,2.2,14.8,0.8
2013,1,10,0,15.3,1.7
2013,1,11,10.2,16.3,2.4
2013,1,12,8.9,15.8,1.8
2013,1,13,0,16,2.4
2013,1,14,9.3,13.5,2.4
2013,1,15,1.1,15.4,3.2
2013,1,16,17.4,14.4,-0.2
2013,1,17,2.7,11.8,2.4
2013,1,18,7,14.8,1.6
2013,1,19,1.2,13,3.2
2013,1,20,3.3,15.8,0.8
2013,1,21,7.5,15,1.4
2013,1,22,0.01,11.6,2.2
2013,1,23,0,14,2.4
2013,1,24,0,12.8,1.2
2013,1,25,0.4,15,0.4
2013,1,26,1.5,14.6,1.4
2013,1,27,4.2,16.2,1.1
2013,1,28,0,16,0.8
2013,1,29,20.2,14.2,-0.2
2013,1,30,0,16.2,3.4
2013,1,31,13.8,13.4,2.8
2013,2,1,15.9,14,1.8
2013,2,2,1.8,14.2,2.8
2013,2,3,0,14.2,0.8
2013,2,4,5.5,14.8,3.4
2013,2,5,8.2,15,2.2
2013,2,6,15.2,12.6,1.2
2013,2,7,18.1,16,0.4
2013,2,8,3.2,16,4.3
2013,2,9,0.4,15.6,3.4
2013,2,10,0,16.1,3.2
2013,2,11,0.2,15.6,4.7
2013,2,12,0.4,15.8,-1.6
2013,2,13,0.2,14.2,-1.2
2013,2,14,2.7,15,1.8
2013,2,15,14.5,14.6,2
2013,2,16,15.2,14.4,0.2
2013,2,17,5.4,13,0.4
2013,2,18,8.9,16.4,0
2013,2,19,1.5,15.2,3.6
2013,2,20,0.6,13.3,3
2013,2,21,8.8,14.3,3.2
2013,2,22,16.3,11.2,0.2
2013,2,23,4,15.6,3.8
2013,2,24,22.6,18.2,0.8
2013,2,25,0.5,16.8,2
2013,2,26,1.6,16.2,0.8
2013,2,27,16.8,16.4,1.2
2013,2,28,6.2,14,4
2013,3,1,24.3,13.3,0.2
2013,3,2,6.7,16.2,2.9
2013,3,3,13.6,16,3.1
2013,3,4,0,14.2,3.2
2013,3,5,6,15.8,2.8
2013,3,6,1.5,15.2,3
2013,3,7,5.9,10.4,3.8
2013,3,8,2.7,14.6,4
2013,3,9,30.5,14.6,-0.2
2013,3,10,3,15.2,4.4
2013,3,11,4.9,14.3,3.9
2013,3,12,7,17.2,1.4
2013,3,13,0,17.8,3.2
2013,3,14,0,17.6,-0.4
2013,3,15,0,16,3.2
2013,3,16,3.6,15,2.3
2013,3,17,22,14.6,0
2013,3,18,5.4,16.6,4
2013,3,19,7.7,16.8,-0.8
2013,3,20,0,16.2,-2.4
2013,3,21,0,16.2,-3.8
2013,3,22,0,16.4,0.8
2013,3,23,1.8,16.6,0
2013,3,24,0,16.2,-4.2
2013,3,25,0,16,-3.4
2013,3,26,0.4,15.6,-2.6
2013,3,27,0.8,16.4,-0.6
2013,3,28,0,12.8,1.4
2013,3,29,0.4,16.8,-1.2
2013,3,30,0.6,16.2,-1.1
2013,3,31,0,16.6,1.6
2013,4,1,5,15.6,1.2
2013,4,2,0,15.2,-1.5
2013,4,3,0,15,-0.2
2013,4,4,0.4,16,2.8
2013,4,5,1,15.2,-0.4
2013,4,6,0,15.8,-1.4
2013,4,7,0,14.2,-1.6
2013,4,8,0,17,-2.4
2013,4,9,0,16.6,-2
2013,4,10,0,17,-4.1
2013,4,11,0,17.2,-3.4
2013,4,12,0,17.4,-5.2
2013,4,13,0,16.8,-6.4
2013,4,14,0,17.2,-1.3
2013,4,15,0,16.8,-5
2013,4,16,0,16.7,-5.6
2013,4,17,0,15.6,-4.8
2013,4,18,0,13.2,-1.2
2013,4,19,0.01,14.4,-2.4
2013,4,20,0,15.2,-6.1
2013,4,21,0,16,-6.4
2013,4,22,0,15.8,-3.6
2013,4,23,0,15.4,-4.6
2013,4,24,0,16.6,-4.8
2013,4,25,0,17.8,-6.8
2013,4,26,0,16.8,-5.8
2013,4,27,0,17.8,-7.2
2013,4,28,0,17.2,-7.4
2013,4,29,0,16.9,-5.2
2013,4,30,0,16.6,-4.2
2013,5,1,0,15.3,-2.4
2013,5,2,0.01,15.6,-2
2013,5,3,0,16.4,-2.6
2013,5,4,0.8,16.6,-1.8
2013,5,5,0,16.2,-6.2
2013,5,6,0,17.3,-3.8
2013,5,7,0,16.4,-5.6
2013,5,8,0,18.2,-4.4
2013,5,9,0,17.8,-4.6
2013,5,10,0,18,-4.8
2013,5,11,0,17,-5
2013,5,12,0,17.6,-3.3
2013,5,13,0,15,-6.8
2013,5,14,0,16.2,-6
2013,5,15,1.2,13.3,0
2013,5,16,3.3,12.4,0.6
2013,5,17,1,13.2,1
2013,5,18,0.01,10.6,2.6
2013,5,19,1,13.8,0.2
2013,5,20,0,14.2,-2.2
2013,5,21,0,16.6,-4.5
2013,5,22,0,16.8,-4.8
2013,5,23,0,16.8,-3.2
2013,5,24,2,14,-2
2013,5,25,0.2,15.6,-2.4
2013,5,26,0,15,-7.4
2013,5,27,0,15.2,-7.8
2013,5,28,0,14,-10.2
2013,5,29,0,14.2,-9.4
2013,5,30,0,15.8,-11.4
2013,5,31,0,14.2,-10.8
2013,6,1,0,15,-10
2013,6,2,0,15.2,-10.2
2013,6,3,0,14.5,-8.6
2013,6,4,0,15.3,-5.8
2013,6,5,0,13.8,-5.6
2013,6,6,0,12.8,-1.6
2013,6,7,8.8,9.8,-2.4
2013,6,8,1.2,10.2,0
2013,6,9,0,12.6,-0.8
2013,6,10,1.2,12,-0.4
2013,6,11,0,12.2,-4.6
2013,6,12,0,11.5,-2
2013,6,13,2,10.3,-0.6
2013,6,14,0.3,13.4,-4.2
2013,6,15,0,13.8,-6
2013,6,16,0,14,-9.4
2013,6,17,0,13.4,-8.8
2013,6,18,0,13.8,-6.6
2013,6,19,0,13,-2.4
2013,6,20,0,12.6,-8.2
2013,6,21,0,14.2,-8.4
2013,6,22,0,13.2,-6.4
2013,6,23,2.5,11.8,-2.2
2013,6,24,0,11.4,-3
2013,6,25,0,13.4,0.6
2013,6,26,0,14,-9.4
2013,6,27,0,14.2,-12.8
2013,6,28,0,13.8,-12
2013,6,29,0,15,-11.7
2013,6,30,0,14,-9.6
2013,7,1,0,15,-8.2
2013,7,2,0,13.6,-6
2013,7,3,0,13.8,-6.6
2013,7,4,0,12.4,-7.8
2013,7,5,0,13.4,-2.8
2013,7,6,0,14,-3.5
2013,7,7,0,14.2,-5.1
2013,7,8,0,14.3,-7.6
2013,7,9,0,15.4,-7
2013,7,10,0,15,-8.2
2013,7,11,0,15.4,-7.5
2013,7,12,0,15.4,-8
2013,7,13,0,15.2,-7.8
2013,7,14,0,12.1,-8
2013,7,15,0,6,-0.7
2013,7,16,1.2,10.8,-6
2013,7,17,0,13.3,-8.4
2013,7,18,0,11.6,-6.4
2013,7,19,0.7,11.4,-0.3
2013,7,20,0.3,11.8,-3.8
2013,7,21,0,13.4,-9.2
2013,7,22,0,14,-6.8
2013,7,23,0,15,-8.2
2013,7,24,0,15.6,-7.6
2013,7,25,0,13.2,-4.4
2013,7,26,0,13.6,-7.2
2013,7,27,0,14.2,-7.8
2013,7,28,0,15.4,-7.4
2013,7,29,0,16.2,-8.4
2013,7,30,0,15.4,-8.2
2013,7,31,0,15,-8.2
2013,8,1,0,15.4,-6.6
2013,8,2,0,15.3,-7.8
2013,8,3,0,14.2,-7.6
2013,8,4,0,15.2,-9.2
2013,8,5,0,15.8,-3.6
2013,8,6,0,15,-5
2013,8,7,0,14.4,-5.4
2013,8,8,0,15.2,-6.4
2013,8,9,0,16,-4.4
2013,8,10,0,14.8,-8.6
2013,8,11,0,14.7,-10.6
2013,8,12,0,15.8,-12.4
2013,8,13,0,16.4,-11.4
2013,8,14,0,16.8,-9.4
2013,8,15,0,16.2,-9.8
2013,8,16,0,17.4,-8.7
2013,8,17,0,17.2,-7.2
2013,8,18,0,17.4,-7.6
2013,8,19,0,17.6,-7.7
2013,8,20,0,16.4,-7.8
2013,8,21,0,17.6,-8.8
2013,8,22,0,14.6,-7.8
2013,8,23,0,11,-7.6
2013,8,24,0.9,8.8,-1
2013,8,25,1.3,10.8,-4.3
2013,8,26,0,15,-13.4
2013,8,27,0,12.6,-7.6
2013,8,28,9.3,11,-2.3
2013,8,29,1.8,10,-1.8
2013,8,30,0,12.6,-4.6
2013,8,31,0,15.2,-6
2013,9,1,0,14.2,-5.6
2013,9,2,0,13,-11.2
2013,9,3,0,14.8,-11
2013,9,4,0,15.8,-10.4
2013,9,5,0,16.4,-7.4
2013,9,6,0,16,-8
2013,9,7,0,16.8,-9.8
2013,9,8,0,17.4,-7.8
2013,9,9,0,14.6,-6.8
2013,9,10,0,16.6,-6
2013,9,11,0,16.2,-8.2
2013,9,12,0,17.2,-7.4
2013,9,13,0,15.4,-6.8
2013,9,14,0,17.7,-6.4
2013,9,15,0,19.4,-8
2013,9,16,0,18.8,-7.8
2013,9,17,0,18,-9
2013,9,18,0,18.4,-8.4
2013,9,19,0,17.1,-6.1
2013,9,20,0,16.2,-5.4
2013,9,21,0.2,18.3,-2.6
2013,9,22,0,17.6,-7.2
2013,9,23,0,17.3,-5.4
2013,9,24,0,15.8,-4.8
2013,9,25,0,17.2,-3.6
2013,9,26,0,18.4,-2.6
2013,9,27,0,19,-4.6
2013,9,28,0,18.8,-8.6
2013,9,29,0,16.8,-7.6
2013,9,30,0,17.2,-7.4
2013,10,1,0,16.8,-7.4
2013,10,2,0,16.4,-6.8
2013,10,3,0,17,-4.6
2013,10,4,0,18.4,-6.4
2013,10,5,0,17.8,-1
2013,10,6,0,17.4,-2
2013,10,7,0,12.8,-5.5
2013,10,8,0,17.6,-6.6
2013,10,9,0,13.8,-1.6
2013,10,10,0,15.4,2.4
2013,10,11,0,17,-7.3
2013,10,12,0,17.2,-8
2013,10,13,0,9.2,-6.2
2013,10,14,9.7,7.4,-0.8
2013,10,15,6.2,12,-0.6
2013,10,16,0,17.6,-3.2
2013,10,17,0,18.6,-3
2013,10,18,0,19.4,-5.6
2013,10,19,0,19.6,-5.8
2013,10,20,0,19.4,-6.2
2013,10,21,0,20.6,-7.2
2013,10,22,0,17.2,-2
2013,10,23,0,17,0.4
2013,10,24,3.1,14.3,-0.4
2013,10,25,8.6,14,1
2013,10,26,0.2,16.2,0.4
2013,10,27,17.7,13.6,-0.1
2013,10,28,1.3,14.8,2.2
2013,10,29,10.6,17.4,-3.7
2013,10,30,0,18.6,-3.4
2013,10,31,0,18.8,0
2013,11,1,0,16.8,-4.9
2013,11,2,0,18.8,-7
2013,11,3,0,16.8,-5.6
2013,11,4,21.6,13.2,0.4
2013,11,5,0,17.8,-1.8
2013,11,6,0,17.2,-0.6
2013,11,7,3.9,18.5,-0.8
2013,11,8,0,19.6,-2
2013,11,9,0,19.2,-3.8
2013,11,10,0,17.6,-3
2013,11,11,0,19.8,-3.8
2013,11,12,0,19.6,-5.4
2013,11,13,0,16.2,-2.5
2013,11,14,4.1,18.2,-0.6
2013,11,15,0.7,18,-2
2013,11,16,0.01,20.1,0.2
2013,11,17,0,20.4,0.4
2013,11,18,0,19,-2.4
2013,11,19,0,18.8,-3.8
2013,11,20,0,18.4,-5.2
2013,11,21,0.01,17.6,2
2013,11,22,3.7,13.8,2.2
2013,11,23,1.5,17.6,-4.6
2013,11,24,0,18.8,-5.2
2013,11,25,0,19.4,-5
2013,11,26,0,19.8,-4.5
2013,11,27,0,18.8,-3
2013,11,28,0.3,20.3,-4.1
2013,11,29,0,19.6,-3.5
2013,11,30,0.01,16.8,2.1
2013,12,1,1.2,17.4,0.4
2013,12,2,0,18.4,1.4
2013,12,3,1.1,16.8,-3.2
2013,12,4,4.5,15.6,0.2
2013,12,5,1.1,16.7,-1.4
2013,12,6,16.2,13.8,-0.5
2013,12,7,3.6,14.8,-1.2
2013,12,8,1,13.5,2.6
2013,12,9,3.1,11,4
2013,12,10,11.6,15.6,2.4
2013,12,11,8.8,14.4,1.2
2013,12,12,1.1,15.4,1.6
2013,12,13,1.1,17.4,-1.3
2013,12,14,0,16.2,2.2
2013,12,15,12.5,13.2,1.2
2013,12,16,14.8,15.2,0.6
2013,12,17,0.01,15.8,-2.2
2013,12,18,0,17.6,-2.9
2013,12,19,0,17.4,-2.9
2013,12,20,0,17.5,-2.2
2013,12,21,3.1,16.6,2.2
2013,12,22,14.8,16.2,0.6
2013,12,23,1.2,16.4,1.5
2013,12,24,2,17.6,-0.6
2013,12,25,0.6,13.8,0.8
2013,12,26,0,16.8,-0.6
2013,12,27,5.9,14.6,1.6
2013,12,28,13,12.4,2.6
2013,12,29,0.5,15.8,4.4
2013,12,30,-99.9,-99.9,3.6
2013,12,31,-99.9,-99.9,-99.9
